datacenter,canceled_job,hours_before_execution,request_month,request_day,peak_gpu_hours,offpeak_gpu_hours,num_primary_processes,num_auxiliary_processes,num_background_processes,service_tier,client_type,request_channel,returning_client,previous_job_cancellations,successful_previous_jobs,reserved_gpu_type,assigned_gpu_type,resource_modifications,reservation_commitment,workload_profile,estimated_cost_per_hour,reserved_storage_units,special_resource_requests,high_value_client,y_true,y_pred,is_error
GPU_Cluster_BB,0,103,4,6,13468.9,38824.5,2,0.0,0,standard,cloud_marketplace,broker_platform,0,0,0,GPU_T4,GPU_T4,0,no_commitment,single_experiment,96.05,0,0,0,0,1,True
GPU_Cluster_BB,0,20,8,3,0.0,15533.5,2,2.0,0,standard,cloud_marketplace,broker_platform,0,0,0,GPU_T6,GPU_T6,0,no_commitment,single_experiment,240.0,0,0,1,0,1,True
GPU_Cluster_BB,0,102,4,4,0.0,67947.8,3,0.0,0,standard,cloud_marketplace,broker_platform,0,0,0,GPU_T4,GPU_T4,0,no_commitment,single_experiment,157.25,0,1,1,0,1,True
GPU_Cluster_BB,0,113,5,10,0.0,33682.4,2,0.0,0,on_demand,cloud_marketplace,broker_platform,0,0,0,GPU_T1,GPU_T1,0,no_commitment,single_experiment,114.0,0,0,0,0,1,True
GPU_Cluster_AA,0,275,4,10,33372.3,121407.0,2,0.0,0,priority,research_consortium,api_direct,0,0,0,GPU_T4,GPU_T4,0,no_commitment,multi_run_experiment,72.45,0,0,0,0,1,True
GPU_Cluster_AA,0,114,10,3,0.0,17617.9,1,0.0,0,standard,cloud_marketplace,broker_platform,0,0,0,GPU_T1,GPU_T1,0,no_commitment,multi_run_experiment,42.3,0,0,0,0,1,True
GPU_Cluster_BB,0,107,7,9,38123.4,80167.4,2,0.0,0,standard,cloud_marketplace,broker_platform,0,0,0,GPU_T1,GPU_T1,0,no_commitment,single_experiment,109.16,0,1,0,0,1,True
GPU_Cluster_BB,0,74,10,31,10599.7,0.0,3,0.0,0,standard,cloud_marketplace,broker_platform,0,0,0,GPU_T4,GPU_T10,0,no_commitment,single_experiment,123.3,0,0,0,0,1,True
GPU_Cluster_AA,0,160,10,29,17745.4,17971.6,2,0.0,0,standard,cloud_marketplace,broker_platform,0,0,0,GPU_T1,GPU_T1,0,no_commitment,single_experiment,46.4,0,1,0,0,1,True
GPU_Cluster_BB,0,84,5,13,31982.9,33153.6,2,2.0,0,standard,cloud_marketplace,broker_platform,0,0,0,GPU_T6,GPU_T6,0,no_commitment,single_experiment,187.85,0,1,1,0,1,True
GPU_Cluster_BB,0,85,3,8,0.0,31237.0,2,0.0,0,standard,cloud_marketplace,broker_platform,0,0,0,GPU_T1,GPU_T1,0,no_commitment,single_experiment,97.2,0,0,0,0,1,True
GPU_Cluster_BB,0,278,12,28,6533.0,47908.5,2,0.0,0,on_demand,cloud_marketplace,broker_platform,0,0,0,GPU_T1,GPU_T1,0,no_commitment,single_experiment,71.23,0,1,0,0,1,True
GPU_Cluster_BB,0,115,5,11,0.0,38389.2,2,0.0,0,on_demand,cloud_marketplace,broker_platform,0,0,0,GPU_T1,GPU_T1,0,no_commitment,single_experiment,120.0,0,0,0,0,1,True
GPU_Cluster_BB,0,45,2,12,25505.8,30508.1,2,0.0,0,standard,cloud_marketplace,broker_platform,0,0,0,GPU_T1,GPU_T1,0,no_commitment,single_experiment,90.1,0,0,0,0,1,True
GPU_Cluster_AA,0,167,8,18,18417.5,20249.8,2,0.0,0,priority,cloud_marketplace,broker_platform,0,0,0,GPU_T4,GPU_T4,0,no_commitment,single_experiment,157.2,0,0,1,0,1,True
GPU_Cluster_AA,0,124,8,17,0.0,35632.7,2,0.0,0,standard,cloud_marketplace,broker_platform,0,0,0,GPU_T1,GPU_T1,1,no_commitment,single_experiment,191.0,0,1,1,0,1,True
GPU_Cluster_BB,0,85,12,3,25943.5,18339.4,1,0.0,0,standard,cloud_marketplace,broker_platform,0,0,0,GPU_T1,GPU_T1,4,no_commitment,single_experiment,98.0,0,0,0,0,1,True
GPU_Cluster_BB,0,76,9,17,17622.4,46470.6,1,0.0,0,standard,cloud_marketplace,broker_platform,0,0,0,GPU_T1,GPU_T1,0,no_commitment,single_experiment,80.75,0,0,0,0,1,True
GPU_Cluster_BB,0,174,5,26,31309.7,70391.5,2,0.0,0,priority,cloud_marketplace,broker_platform,0,0,0,GPU_T1,GPU_T1,0,no_commitment,single_experiment,162.0,0,2,1,0,1,True
GPU_Cluster_AA,0,164,7,22,42471.5,99441.5,2,0.0,0,standard,cloud_marketplace,broker_platform,0,0,0,GPU_T5,GPU_T5,0,no_commitment,single_experiment,128.18,0,1,0,0,1,True
GPU_Cluster_BB,0,104,8,31,0.0,62129.4,1,0.0,0,standard,cloud_marketplace,broker_platform,0,0,0,GPU_T1,GPU_T1,0,no_commitment,single_experiment,129.33,0,0,0,0,1,True
GPU_Cluster_BB,0,162,4,1,28732.2,11522.2,2,0.0,0,standard,research_consortium,broker_platform,0,0,0,GPU_T1,GPU_T1,0,no_commitment,multi_run_experiment,88.2,0,0,0,0,1,True
GPU_Cluster_AA,0,16,10,9,14073.6,0.0,2,0.0,0,standard,research_consortium,enterprise_portal,0,0,0,GPU_T1,GPU_T1,0,no_commitment,multi_run_experiment,55.0,0,0,0,0,1,True
GPU_Cluster_AA,0,97,8,1,24633.9,50911.9,1,0.0,0,standard,cloud_marketplace,broker_platform,0,0,0,GPU_T4,GPU_T4,0,no_commitment,single_experiment,209.0,0,2,1,0,1,True
GPU_Cluster_AA,0,292,6,23,24807.6,65197.0,2,0.0,0,standard,cloud_marketplace,broker_platform,0,0,0,GPU_T1,GPU_T1,0,no_commitment,single_experiment,80.1,0,2,0,0,1,True
GPU_Cluster_BB,0,70,4,22,27504.7,30340.9,2,0.0,0,standard,cloud_marketplace,broker_platform,0,0,0,GPU_T1,GPU_T1,0,no_commitment,single_experiment,97.33,0,0,0,0,1,True
GPU_Cluster_BB,0,87,6,9,0.0,35375.9,2,0.0,0,standard,cloud_marketplace,broker_platform,0,0,0,GPU_T1,GPU_T1,0,no_commitment,single_experiment,97.71,0,0,0,0,1,True
GPU_Cluster_BB,0,93,6,17,35996.9,78906.7,2,0.0,0,priority,cloud_marketplace,broker_platform,0,0,0,GPU_T1,GPU_T1,0,no_commitment,single_experiment,178.2,0,0,1,0,1,True
GPU_Cluster_AA,0,70,3,29,10342.1,32938.4,2,0.0,0,standard,cloud_marketplace,broker_platform,0,0,0,GPU_T1,GPU_T1,0,no_commitment,single_experiment,34.56,0,0,0,0,1,True
GPU_Cluster_BB,0,25,5,20,29549.1,28128.9,2,0.0,0,on_demand,cloud_marketplace,broker_platform,0,0,0,GPU_T1,GPU_T1,0,no_commitment,single_experiment,128.0,0,0,0,0,1,True
GPU_Cluster_AA,0,310,7,6,14578.0,28700.2,2,0.0,0,standard,cloud_marketplace,broker_platform,0,0,0,GPU_T1,GPU_T1,0,no_commitment,single_experiment,93.38,0,2,0,0,1,True
GPU_Cluster_BB,0,65,5,9,14869.0,61767.3,2,0.0,0,standard,cloud_marketplace,broker_platform,0,0,0,GPU_T1,GPU_T1,0,no_commitment,single_experiment,119.85,0,0,0,0,1,True
GPU_Cluster_BB,0,206,3,26,32344.8,15655.6,2,0.0,0,standard,research_consortium,broker_platform,0,0,0,GPU_T1,GPU_T1,0,no_commitment,multi_run_experiment,72.0,0,0,0,0,1,True
GPU_Cluster_BB,0,104,3,3,7073.4,33553.4,2,0.0,0,standard,cloud_marketplace,broker_platform,0,0,0,GPU_T1,GPU_T1,0,no_commitment,single_experiment,97.2,0,0,0,0,1,True
GPU_Cluster_BB,0,228,6,4,0.0,0.0,2,0.0,0,standard,cloud_marketplace,broker_platform,0,0,0,GPU_T1,GPU_T1,0,no_commitment,single_experiment,0.0,0,0,0,0,1,True
GPU_Cluster_BB,0,142,7,24,17394.1,47849.4,2,0.0,0,on_demand,cloud_marketplace,broker_platform,0,0,0,GPU_T1,GPU_T1,0,no_commitment,single_experiment,115.63,0,0,0,0,1,True
GPU_Cluster_BB,0,120,4,13,22459.3,56679.4,1,1.0,0,standard,cloud_marketplace,broker_platform,0,0,0,GPU_T1,GPU_T1,0,no_commitment,single_experiment,91.31,0,0,0,0,1,True
GPU_Cluster_BB,0,139,8,22,35528.0,85072.7,2,0.0,0,standard,cloud_marketplace,broker_platform,0,0,0,GPU_T1,GPU_T1,0,no_commitment,single_experiment,107.87,0,1,0,0,1,True
GPU_Cluster_AA,0,51,7,22,0.0,56509.7,2,0.0,0,priority,cloud_marketplace,broker_platform,0,0,0,GPU_T1,GPU_T1,0,no_commitment,single_experiment,101.68,0,0,0,0,1,True
GPU_Cluster_BB,0,55,2,1,20861.3,64036.6,2,0.0,0,standard,cloud_marketplace,broker_platform,0,0,0,GPU_T1,GPU_T1,0,no_commitment,single_experiment,75.95,0,0,0,0,1,True
GPU_Cluster_AA,0,168,8,16,0.0,50388.4,2,0.0,0,standard,cloud_marketplace,broker_platform,0,0,0,GPU_T4,GPU_T4,0,no_commitment,single_experiment,207.0,0,1,1,0,1,True
GPU_Cluster_AA,0,226,3,1,32216.1,109442.0,2,0.0,0,standard,cloud_marketplace,broker_platform,0,0,0,GPU_T1,GPU_T1,0,no_commitment,single_experiment,37.8,0,1,0,0,1,True
GPU_Cluster_BB,0,80,1,7,0.0,11048.9,2,0.0,0,standard,cloud_marketplace,broker_platform,0,0,0,GPU_T1,GPU_T1,0,no_commitment,single_experiment,87.32,0,0,0,0,1,True
GPU_Cluster_AA,0,23,3,9,0.0,48308.6,2,0.0,0,standard,cloud_marketplace,broker_platform,0,0,0,GPU_T4,GPU_T4,0,no_commitment,single_experiment,58.0,0,0,0,0,1,True
GPU_Cluster_BB,0,64,8,8,14488.8,23931.0,2,0.0,0,standard,cloud_marketplace,broker_platform,0,0,0,GPU_T4,GPU_T4,0,no_commitment,single_experiment,158.4,0,0,1,0,1,True
GPU_Cluster_AA,0,29,8,16,40871.8,68645.7,2,0.0,0,priority,cloud_marketplace,broker_platform,0,0,0,GPU_T1,GPU_T1,0,no_commitment,single_experiment,272.5,0,2,1,0,1,True
GPU_Cluster_AA,0,105,6,15,32828.3,78849.8,2,1.0,0,priority,internal_research,api_direct,0,0,0,GPU_T8,GPU_T8,1,no_commitment,single_experiment,230.0,0,0,1,0,1,True
GPU_Cluster_BB,0,190,5,6,20721.5,25937.7,2,0.0,0,standard,cloud_marketplace,broker_platform,0,0,0,GPU_T2,GPU_T2,0,no_commitment,single_experiment,100.3,0,0,0,0,1,True
GPU_Cluster_BB,0,89,4,2,34746.8,6362.4,2,0.0,0,on_demand,cloud_marketplace,broker_platform,0,0,0,GPU_T1,GPU_T1,0,no_commitment,single_experiment,99.0,0,0,0,0,1,True
GPU_Cluster_AA,0,63,10,25,0.0,61599.0,1,0.0,0,standard,cloud_marketplace,broker_platform,0,0,0,GPU_T1,GPU_T1,0,no_commitment,single_experiment,49.0,0,0,0,0,1,True
GPU_Cluster_BB,0,95,9,13,27297.3,74776.0,2,0.0,0,priority,cloud_marketplace,broker_platform,0,0,0,GPU_T4,GPU_T4,0,no_commitment,single_experiment,183.6,0,1,1,0,1,True
GPU_Cluster_BB,0,83,4,16,29000.0,27644.3,2,0.0,0,standard,cloud_marketplace,broker_platform,0,0,0,GPU_T4,GPU_T4,0,no_commitment,single_experiment,103.7,0,0,0,0,1,True
GPU_Cluster_AA,0,226,7,3,39173.2,84530.0,2,0.0,0,standard,cloud_marketplace,broker_platform,0,0,0,GPU_T1,GPU_T1,0,no_commitment,single_experiment,112.0,0,0,0,0,1,True
GPU_Cluster_AA,0,121,7,29,20590.1,53105.8,2,0.0,0,standard,cloud_marketplace,broker_platform,0,0,0,GPU_T5,GPU_T5,0,no_commitment,single_experiment,221.38,0,1,1,0,1,True
GPU_Cluster_BB,0,166,6,22,0.0,43057.8,2,0.0,0,standard,cloud_marketplace,broker_platform,0,0,0,GPU_T4,GPU_T4,0,no_commitment,single_experiment,130.5,0,0,0,0,1,True
GPU_Cluster_AA,0,275,6,30,35307.5,74035.0,2,0.0,0,standard,cloud_marketplace,broker_platform,0,0,0,GPU_T4,GPU_T4,0,no_commitment,single_experiment,76.94,0,1,0,0,1,True
GPU_Cluster_BB,0,187,7,19,0.0,25351.4,2,0.0,0,standard,cloud_marketplace,broker_platform,0,0,0,GPU_T4,GPU_T1,0,no_commitment,single_experiment,105.3,0,0,0,0,1,True
GPU_Cluster_BB,0,52,3,7,0.0,56124.0,2,0.0,0,on_demand,cloud_marketplace,broker_platform,0,0,0,GPU_T1,GPU_T1,0,no_commitment,single_experiment,74.8,0,0,0,0,1,True
GPU_Cluster_BB,0,54,2,26,0.0,18010.9,2,0.0,0,standard,cloud_marketplace,broker_platform,0,0,0,GPU_T1,GPU_T1,0,no_commitment,single_experiment,80.3,0,0,0,0,1,True
GPU_Cluster_AA,0,97,8,17,0.0,72159.9,2,0.0,0,priority,cloud_marketplace,broker_platform,0,0,0,GPU_T1,GPU_T1,0,no_commitment,single_experiment,211.0,0,1,1,0,1,True
GPU_Cluster_BB,0,80,5,11,10353.7,48639.2,2,0.0,0,on_demand,cloud_marketplace,broker_platform,0,0,0,GPU_T1,GPU_T1,0,no_commitment,single_experiment,121.5,0,0,0,0,1,True
GPU_Cluster_BB,0,53,2,26,18526.2,0.0,1,0.0,0,standard,cloud_marketplace,broker_platform,0,0,0,GPU_T1,GPU_T1,0,no_commitment,single_experiment,88.2,0,0,0,0,1,True
GPU_Cluster_BB,0,131,6,8,0.0,61691.9,2,0.0,0,standard,cloud_marketplace,broker_platform,0,0,0,GPU_T1,GPU_T1,0,no_commitment,single_experiment,144.0,0,1,1,0,1,True
GPU_Cluster_AA,0,186,7,7,0.0,52589.8,2,0.0,0,standard,cloud_marketplace,broker_platform,0,0,0,GPU_T1,GPU_T1,0,no_commitment,single_experiment,123.0,0,2,0,0,1,True
GPU_Cluster_AA,0,30,12,28,0.0,27294.4,2,0.0,0,standard,cloud_marketplace,broker_platform,0,0,0,GPU_T1,GPU_T1,0,no_commitment,single_experiment,65.0,0,0,0,0,1,True
GPU_Cluster_BB,0,170,10,9,13260.9,32139.8,2,0.0,0,standard,cloud_marketplace,broker_platform,0,0,0,GPU_T1,GPU_T1,0,no_commitment,single_experiment,119.0,0,0,0,0,1,True
GPU_Cluster_AA,0,152,7,11,0.0,32871.7,2,0.0,0,standard,internal_research,api_direct,0,0,0,GPU_T6,GPU_T6,0,no_commitment,single_experiment,165.0,0,0,1,0,1,True
GPU_Cluster_BB,0,90,5,7,26638.6,20421.0,2,0.0,0,standard,cloud_marketplace,broker_platform,0,0,0,GPU_T1,GPU_T1,0,no_commitment,single_experiment,119.85,0,0,0,0,1,True
GPU_Cluster_BB,0,167,6,19,11197.1,14709.2,2,0.0,0,standard,cloud_marketplace,broker_platform,0,0,0,GPU_T4,GPU_T4,0,no_commitment,single_experiment,139.5,0,0,1,0,1,True
GPU_Cluster_AA,0,194,12,12,31808.5,64522.5,2,0.0,0,standard,cloud_marketplace,broker_platform,0,0,0,GPU_T1,GPU_T1,0,no_commitment,single_experiment,28.33,0,0,0,0,1,True
GPU_Cluster_AA,0,224,6,28,23350.2,57953.9,2,0.0,0,standard,cloud_marketplace,broker_platform,0,0,0,GPU_T1,GPU_T1,0,no_commitment,single_experiment,80.63,0,2,0,0,1,True
GPU_Cluster_BB,0,33,4,8,30451.7,53973.6,2,0.0,0,standard,cloud_marketplace,broker_platform,0,0,0,GPU_T1,GPU_T1,0,no_commitment,single_experiment,115.4,0,0,0,0,1,True
GPU_Cluster_AA,0,88,10,16,18213.9,32384.9,2,0.0,0,standard,cloud_marketplace,broker_platform,0,0,0,GPU_T1,GPU_T1,0,no_commitment,single_experiment,75.0,0,2,0,0,1,True
GPU_Cluster_BB,0,77,9,18,22162.9,21428.8,2,0.0,0,standard,cloud_marketplace,broker_platform,0,0,0,GPU_T1,GPU_T1,0,no_commitment,single_experiment,89.25,0,0,0,0,1,True
GPU_Cluster_AA,0,159,8,17,25456.8,66872.1,2,0.0,0,standard,cloud_marketplace,broker_platform,0,0,0,GPU_T7,GPU_T7,0,no_commitment,single_experiment,139.0,0,1,1,0,1,True
GPU_Cluster_AA,0,351,4,8,32567.9,134915.1,2,0.0,0,priority,research_consortium,broker_platform,0,0,0,GPU_T4,GPU_T4,0,no_commitment,multi_run_experiment,84.0,0,0,0,0,1,True
GPU_Cluster_AA,0,65,7,17,38010.5,92415.6,2,0.0,0,priority,cloud_marketplace,broker_platform,0,0,0,GPU_T1,GPU_T1,0,no_commitment,single_experiment,147.0,0,2,1,0,1,True
GPU_Cluster_BB,0,100,5,2,0.0,50407.3,2,0.0,0,standard,cloud_marketplace,broker_platform,0,0,0,GPU_T1,GPU_T1,0,no_commitment,single_experiment,97.02,0,0,0,0,1,True
GPU_Cluster_BB,0,146,6,20,0.0,42214.6,1,0.0,0,standard,cloud_marketplace,broker_platform,0,0,0,GPU_T1,GPU_T1,0,no_commitment,single_experiment,108.0,0,0,0,0,1,True
GPU_Cluster_AA,0,253,6,9,18616.7,93514.8,2,0.0,0,standard,cloud_marketplace,broker_platform,0,0,0,GPU_T1,GPU_T1,0,no_commitment,single_experiment,81.81,0,2,0,0,1,True
GPU_Cluster_BB,0,136,6,24,16810.7,13814.2,2,2.0,0,standard,cloud_marketplace,broker_platform,0,0,0,GPU_T6,GPU_T7,0,no_commitment,single_experiment,220.0,0,0,1,0,1,True
GPU_Cluster_AA,0,39,8,23,48390.7,121714.8,1,0.0,0,standard,cloud_marketplace,broker_platform,0,0,0,GPU_T1,GPU_T1,0,no_commitment,single_experiment,129.6,0,1,0,0,1,True
GPU_Cluster_BB,0,25,11,7,14353.6,18868.9,1,0.0,0,standard,cloud_marketplace,broker_platform,0,0,0,GPU_T4,GPU_T4,0,no_commitment,single_experiment,146.2,0,0,1,0,1,True
GPU_Cluster_AA,0,187,8,1,21569.8,50979.8,2,0.0,0,priority,cloud_marketplace,broker_platform,0,0,0,GPU_T5,GPU_T5,1,no_commitment,single_experiment,190.97,0,1,1,0,1,True
GPU_Cluster_BB,0,264,7,8,0.0,20480.9,2,0.0,0,standard,research_consortium,broker_platform,0,0,0,GPU_T1,GPU_T1,0,no_commitment,multi_run_experiment,62.0,0,0,0,0,1,True
GPU_Cluster_BB,0,147,8,1,0.0,76860.5,3,0.0,0,standard,cloud_marketplace,broker_platform,0,0,0,GPU_T4,GPU_T4,0,no_commitment,single_experiment,175.5,0,0,1,0,1,True
GPU_Cluster_BB,0,17,2,21,0.0,26759.1,2,0.0,0,on_demand,cloud_marketplace,broker_platform,0,0,0,GPU_T1,GPU_T1,0,no_commitment,single_experiment,80.0,0,0,0,0,1,True
GPU_Cluster_AA,0,174,8,7,28192.2,148936.8,2,0.0,0,priority,cloud_marketplace,broker_platform,0,0,0,GPU_T4,GPU_T4,0,no_commitment,single_experiment,232.0,0,3,1,0,1,True
GPU_Cluster_AA,0,25,8,31,0.0,32844.0,2,2.0,0,standard,cloud_marketplace,broker_platform,0,0,0,GPU_T7,GPU_T7,0,no_commitment,single_experiment,260.0,0,0,1,0,1,True
GPU_Cluster_BB,0,42,5,12,0.0,25927.6,2,0.0,0,standard,cloud_marketplace,broker_platform,0,0,0,GPU_T1,GPU_T1,1,no_commitment,single_experiment,116.1,0,0,0,0,1,True
GPU_Cluster_AA,0,163,11,18,42680.7,56969.5,2,0.0,0,standard,cloud_marketplace,broker_platform,0,0,0,GPU_T1,GPU_T1,0,no_commitment,single_experiment,26.33,0,1,0,0,1,True
GPU_Cluster_AA,0,175,7,23,88210.2,59252.6,2,0.0,0,priority,cloud_marketplace,broker_platform,0,0,0,GPU_T1,GPU_T1,0,no_commitment,single_experiment,192.0,0,1,1,0,1,True
GPU_Cluster_BB,0,102,8,21,9552.4,54607.9,1,0.0,0,standard,cloud_marketplace,broker_platform,0,0,0,GPU_T1,GPU_T1,0,no_commitment,single_experiment,108.0,0,0,0,0,1,True
GPU_Cluster_BB,0,98,7,11,16050.6,25843.4,2,0.0,0,priority,cloud_marketplace,broker_platform,0,0,0,GPU_T1,GPU_T2,0,no_commitment,single_experiment,141.75,0,0,1,0,1,True
GPU_Cluster_BB,0,36,3,14,0.0,60799.0,2,0.0,0,standard,cloud_marketplace,broker_platform,0,0,0,GPU_T4,GPU_T4,0,no_commitment,single_experiment,106.68,0,0,0,0,1,True
GPU_Cluster_BB,0,100,10,31,15079.9,9547.2,2,0.0,0,standard,research_consortium,broker_platform,0,0,0,GPU_T1,GPU_T1,0,no_commitment,multi_run_experiment,62.0,0,0,0,0,1,True
GPU_Cluster_AA,0,151,8,1,55015.3,81105.2,2,0.0,0,priority,cloud_marketplace,broker_platform,0,0,0,GPU_T4,GPU_T4,0,no_commitment,single_experiment,166.66,0,1,1,0,1,True
GPU_Cluster_AA,0,116,11,17,8369.6,54564.3,2,0.0,0,standard,cloud_marketplace,broker_platform,0,0,0,GPU_T1,GPU_T1,0,no_commitment,single_experiment,37.8,0,1,0,0,1,True
GPU_Cluster_BB,0,16,4,8,20158.7,24364.8,2,0.0,0,standard,cloud_marketplace,broker_platform,0,0,0,GPU_T4,GPU_T4,0,no_commitment,single_experiment,89.22,0,0,0,0,1,True
GPU_Cluster_BB,0,159,5,26,0.0,36946.4,2,0.0,0,standard,cloud_marketplace,broker_platform,0,0,0,GPU_T6,GPU_T6,7,no_commitment,single_experiment,198.9,0,0,1,0,1,True
GPU_Cluster_BB,0,28,4,24,15089.8,39584.9,2,2.0,0,standard,cloud_marketplace,broker_platform,0,0,0,GPU_T6,GPU_T6,0,no_commitment,single_experiment,224.0,0,0,1,0,1,True
GPU_Cluster_BB,0,63,2,26,25813.3,30910.1,2,0.0,0,standard,cloud_marketplace,broker_platform,0,0,0,GPU_T4,GPU_T4,0,no_commitment,single_experiment,99.03,0,0,0,0,1,True
GPU_Cluster_BB,0,124,5,30,36524.8,82775.1,1,0.0,0,on_demand,cloud_marketplace,broker_platform,0,0,0,GPU_T1,GPU_T1,0,no_commitment,single_experiment,87.95,0,0,0,0,1,True
GPU_Cluster_AA,0,175,8,8,30661.2,70881.2,3,0.0,0,standard,cloud_marketplace,broker_platform,0,0,0,GPU_T5,GPU_T5,0,no_commitment,single_experiment,155.54,0,3,1,0,1,True
GPU_Cluster_AA,0,52,9,13,0.0,19739.0,2,0.0,0,standard,cloud_marketplace,broker_platform,0,0,0,GPU_T5,GPU_T5,0,no_commitment,single_experiment,152.1,0,1,1,0,1,True
GPU_Cluster_AA,0,82,8,9,24044.7,41821.3,2,0.0,0,standard,cloud_marketplace,broker_platform,0,0,0,GPU_T4,GPU_T4,0,no_commitment,single_experiment,154.0,0,0,1,0,1,True
GPU_Cluster_BB,0,127,4,28,18823.9,38624.0,2,0.0,0,standard,managed_account,broker_platform,0,0,0,GPU_T1,GPU_T1,0,no_commitment,multi_run_experiment,90.0,0,0,0,0,1,True
GPU_Cluster_AA,0,92,5,4,35573.0,51647.9,2,0.0,0,standard,cloud_marketplace,broker_platform,0,0,0,GPU_T1,GPU_T1,0,no_commitment,single_experiment,68.0,0,0,0,0,1,True
GPU_Cluster_BB,0,134,2,25,0.0,12329.7,1,0.0,0,standard,research_consortium,broker_platform,0,0,0,GPU_T1,GPU_T1,0,no_commitment,multi_run_experiment,75.0,0,0,0,0,1,True
GPU_Cluster_AA,0,85,7,17,38058.3,107635.6,2,0.0,0,standard,cloud_marketplace,broker_platform,0,0,0,GPU_T5,GPU_T5,0,no_commitment,single_experiment,207.0,0,1,1,0,1,True
GPU_Cluster_AA,0,199,5,2,16630.3,14875.1,2,0.0,0,priority,research_consortium,broker_platform,0,0,0,GPU_T1,GPU_T1,0,no_commitment,multi_run_experiment,85.0,0,0,0,0,1,True
GPU_Cluster_BB,0,219,7,30,33990.4,32982.8,2,1.0,0,standard,cloud_marketplace,broker_platform,0,0,0,GPU_T1,GPU_T1,0,no_commitment,single_experiment,148.5,0,2,1,0,1,True
GPU_Cluster_BB,0,19,2,12,14265.9,24952.1,2,1.0,0,standard,cloud_marketplace,broker_platform,0,0,0,GPU_T4,GPU_T4,0,no_commitment,single_experiment,90.71,0,0,0,0,1,True
GPU_Cluster_BB,0,181,6,3,29533.3,31206.0,1,0.0,0,on_demand,cloud_marketplace,broker_platform,0,0,0,GPU_T1,GPU_T1,0,no_commitment,single_experiment,126.0,0,1,0,0,1,True
GPU_Cluster_BB,0,33,3,10,0.0,22024.9,3,0.0,0,standard,cloud_marketplace,broker_platform,0,0,0,GPU_T4,GPU_T4,0,no_commitment,single_experiment,168.0,0,0,1,0,1,True
GPU_Cluster_BB,0,153,6,8,0.0,50347.4,1,0.0,0,standard,cloud_marketplace,broker_platform,0,0,0,GPU_T1,GPU_T1,0,no_commitment,single_experiment,102.3,0,0,0,0,1,True
GPU_Cluster_BB,0,51,5,6,9010.0,28727.4,2,0.0,0,on_demand,cloud_marketplace,broker_platform,0,0,0,GPU_T1,GPU_T1,0,no_commitment,single_experiment,134.1,0,0,0,0,1,True
GPU_Cluster_BB,0,81,7,3,27011.6,61477.4,1,0.0,0,on_demand,cloud_marketplace,broker_platform,0,0,0,GPU_T1,GPU_T1,0,no_commitment,single_experiment,103.5,0,0,0,0,1,True
GPU_Cluster_BB,0,47,3,7,12453.2,55141.2,2,0.0,0,on_demand,cloud_marketplace,broker_platform,0,0,0,GPU_T1,GPU_T1,0,no_commitment,single_experiment,65.75,0,0,0,0,1,True
GPU_Cluster_BB,0,41,3,24,0.0,46531.0,2,0.0,0,on_demand,cloud_marketplace,broker_platform,0,0,0,GPU_T1,GPU_T1,0,no_commitment,single_experiment,106.8,0,0,0,0,1,True
GPU_Cluster_BB,0,91,5,22,38118.5,27159.7,2,0.0,0,on_demand,cloud_marketplace,broker_platform,0,0,0,GPU_T1,GPU_T1,0,no_commitment,single_experiment,109.65,0,1,0,0,1,True
GPU_Cluster_BB,0,43,2,23,38498.2,110298.9,1,0.0,0,standard,cloud_marketplace,broker_platform,0,0,0,GPU_T5,GPU_T10,0,no_commitment,single_experiment,116.28,0,0,0,0,1,True
GPU_Cluster_BB,0,133,4,19,0.0,60769.2,2,0.0,0,standard,managed_account,broker_platform,0,0,0,GPU_T1,GPU_T1,0,no_commitment,multi_run_experiment,124.0,0,0,0,0,1,True
GPU_Cluster_BB,0,270,2,21,0.0,16252.5,1,0.0,0,on_demand,cloud_marketplace,broker_platform,0,0,0,GPU_T1,GPU_T1,0,no_commitment,single_experiment,71.1,0,2,0,0,1,True
GPU_Cluster_BB,0,30,4,8,23412.9,16568.3,2,0.0,0,standard,cloud_marketplace,broker_platform,0,0,0,GPU_T5,GPU_T5,0,no_commitment,single_experiment,180.0,0,0,1,0,1,True
GPU_Cluster_BB,0,38,7,1,32415.7,49311.5,2,0.0,0,on_demand,cloud_marketplace,broker_platform,0,0,0,GPU_T1,GPU_T1,0,no_commitment,single_experiment,107.1,0,0,0,0,1,True
GPU_Cluster_BB,0,29,3,18,27988.5,10222.3,2,0.0,0,priority,cloud_marketplace,broker_platform,0,0,0,GPU_T4,GPU_T4,0,no_commitment,single_experiment,159.33,0,0,1,0,1,True
GPU_Cluster_BB,0,155,6,12,11805.0,37325.1,3,0.0,0,standard,cloud_marketplace,broker_platform,0,0,0,GPU_T4,GPU_T4,0,no_commitment,single_experiment,182.75,0,0,1,0,1,True
GPU_Cluster_AA,0,83,7,11,39050.3,69485.0,2,1.0,0,priority,cloud_marketplace,broker_platform,0,0,0,GPU_T1,GPU_T1,0,no_commitment,single_experiment,213.7,0,1,1,0,1,True
GPU_Cluster_BB,0,190,11,3,0.0,57739.2,2,0.0,0,standard,cloud_marketplace,broker_platform,0,0,0,GPU_T1,GPU_T1,0,no_commitment,single_experiment,90.9,0,0,0,0,1,True
GPU_Cluster_BB,0,198,5,20,0.0,9397.0,2,0.0,0,standard,research_consortium,broker_platform,0,0,0,GPU_T1,GPU_T1,0,no_commitment,multi_run_experiment,65.0,0,0,0,0,1,True
GPU_Cluster_AA,0,107,3,9,0.0,25341.6,1,0.0,0,unknown,research_consortium,broker_platform,0,0,0,GPU_T5,GPU_T5,1,no_commitment,multi_run_experiment,72.0,0,0,0,0,1,True
GPU_Cluster_BB,0,132,9,22,0.0,37990.6,3,0.0,0,standard,cloud_marketplace,broker_platform,0,0,0,GPU_T4,GPU_T4,0,no_commitment,single_experiment,162.0,0,2,1,0,1,True
GPU_Cluster_AA,0,112,3,15,0.0,71240.7,1,0.0,0,standard,enterprise_client,enterprise_portal,0,0,0,GPU_T1,GPU_T1,0,no_commitment,multi_run_experiment,40.0,0,0,1,0,1,True
GPU_Cluster_AA,0,96,8,3,30451.4,75901.5,2,0.0,0,priority,cloud_marketplace,broker_platform,0,0,0,GPU_T4,GPU_T4,0,no_commitment,single_experiment,186.0,0,0,1,0,1,True
GPU_Cluster_BB,0,133,4,19,0.0,102747.7,2,0.0,0,standard,managed_account,broker_platform,0,0,0,GPU_T1,GPU_T1,0,no_commitment,multi_run_experiment,124.0,0,0,0,0,1,True
GPU_Cluster_BB,0,60,4,10,10477.4,55281.6,2,0.0,0,priority,cloud_marketplace,broker_platform,0,0,0,GPU_T1,GPU_T1,0,no_commitment,single_experiment,160.2,0,0,1,0,1,True
GPU_Cluster_AA,0,62,11,23,28168.4,92520.6,2,0.0,0,standard,cloud_marketplace,broker_platform,0,0,0,GPU_T1,GPU_T1,0,no_commitment,single_experiment,37.8,0,0,0,0,1,True
GPU_Cluster_BB,0,134,7,25,0.0,61777.1,3,0.0,0,standard,cloud_marketplace,broker_platform,0,0,0,GPU_T4,GPU_T4,0,no_commitment,single_experiment,175.5,0,0,1,0,1,True
GPU_Cluster_AA,0,120,8,20,0.0,40992.1,2,0.0,0,standard,cloud_marketplace,broker_platform,0,0,0,GPU_T5,GPU_T5,0,no_commitment,single_experiment,164.0,0,1,1,0,1,True
GPU_Cluster_BB,0,162,6,26,17591.9,73113.5,2,0.0,0,on_demand,cloud_marketplace,broker_platform,0,0,0,GPU_T1,GPU_T1,0,no_commitment,single_experiment,97.35,0,3,0,0,1,True
GPU_Cluster_BB,0,264,7,8,0.0,38890.4,2,0.0,0,standard,research_consortium,broker_platform,0,0,0,GPU_T1,GPU_T1,0,no_commitment,multi_run_experiment,62.0,0,0,0,0,1,True
GPU_Cluster_BB,0,72,6,1,0.0,39259.1,2,0.0,0,standard,cloud_marketplace,broker_platform,0,0,0,GPU_T4,GPU_T4,0,no_commitment,single_experiment,108.11,0,0,0,0,1,True
GPU_Cluster_BB,0,46,1,1,0.0,28370.7,2,0.0,0,standard,cloud_marketplace,broker_platform,0,0,0,GPU_T1,GPU_T1,0,no_commitment,single_experiment,71.0,0,0,0,0,1,True
GPU_Cluster_BB,0,54,7,31,10172.0,9396.7,1,1.0,0,standard,cloud_marketplace,broker_platform,0,0,0,GPU_T1,GPU_T1,0,no_commitment,single_experiment,128.0,0,0,0,0,1,True
GPU_Cluster_BB,0,46,8,17,16604.5,8354.4,2,0.0,0,standard,research_consortium,broker_platform,0,0,0,GPU_T1,GPU_T1,0,no_commitment,multi_run_experiment,62.0,0,0,0,0,1,True
GPU_Cluster_BB,0,112,7,30,31017.0,63094.2,3,0.0,0,standard,cloud_marketplace,broker_platform,0,0,0,GPU_T5,GPU_T5,0,no_commitment,single_experiment,225.0,0,2,1,0,1,True
GPU_Cluster_BB,0,103,7,11,11232.3,42179.5,2,0.0,0,standard,cloud_marketplace,broker_platform,0,0,0,GPU_T1,GPU_T1,0,no_commitment,single_experiment,107.55,0,0,0,0,1,True
GPU_Cluster_BB,0,1,9,6,45648.2,0.0,1,0.0,0,standard,research_consortium,broker_platform,0,0,0,GPU_T1,GPU_T1,0,no_commitment,multi_run_experiment,75.0,0,0,0,0,1,True
GPU_Cluster_BB,0,12,7,18,20193.1,27317.2,2,0.0,0,standard,research_consortium,broker_platform,0,0,0,GPU_T1,GPU_T1,0,no_commitment,multi_run_experiment,62.0,0,0,0,0,1,True
GPU_Cluster_AA,0,146,8,16,23706.7,93700.4,2,1.0,0,priority,cloud_marketplace,broker_platform,0,0,0,GPU_T4,GPU_T4,0,no_commitment,single_experiment,248.2,0,1,1,0,1,True
GPU_Cluster_BB,0,127,6,26,19922.6,18208.4,2,0.0,0,on_demand,cloud_marketplace,broker_platform,0,0,0,GPU_T1,GPU_T5,0,no_commitment,single_experiment,99.0,0,0,0,0,1,True
GPU_Cluster_BB,0,81,5,1,17629.2,16622.1,3,0.0,0,standard,cloud_marketplace,broker_platform,0,0,0,GPU_T6,GPU_T6,1,no_commitment,single_experiment,230.0,0,0,1,0,1,True
GPU_Cluster_BB,0,269,6,22,0.0,34174.1,2,0.0,0,standard,cloud_marketplace,broker_platform,0,0,0,GPU_T1,GPU_T1,0,no_commitment,single_experiment,117.0,0,1,0,0,1,True
GPU_Cluster_BB,0,35,3,5,33918.7,41500.0,2,0.0,0,on_demand,cloud_marketplace,broker_platform,0,0,0,GPU_T1,GPU_T1,0,no_commitment,single_experiment,74.8,0,0,0,0,1,True
GPU_Cluster_BB,0,112,6,27,0.0,32840.7,2,0.0,0,standard,cloud_marketplace,broker_platform,0,0,0,GPU_T4,GPU_T4,0,no_commitment,single_experiment,135.0,0,0,0,0,1,True
GPU_Cluster_BB,0,25,12,26,40986.3,13460.0,2,0.0,0,standard,cloud_marketplace,broker_platform,0,0,0,GPU_T1,GPU_T1,0,no_commitment,single_experiment,62.64,0,0,0,0,1,True
GPU_Cluster_BB,0,147,7,25,0.0,16163.4,2,1.0,0,standard,cloud_marketplace,broker_platform,0,0,0,GPU_T4,GPU_T4,0,no_commitment,single_experiment,139.5,0,0,1,0,1,True
GPU_Cluster_BB,0,72,6,10,32553.9,11842.4,2,0.0,0,on_demand,cloud_marketplace,broker_platform,0,0,0,GPU_T1,GPU_T1,0,no_commitment,single_experiment,140.0,0,0,1,0,1,True
GPU_Cluster_AA,0,95,4,9,24357.5,81822.6,2,0.0,0,standard,cloud_marketplace,broker_platform,0,0,0,GPU_T1,GPU_T1,0,no_commitment,single_experiment,52.2,0,1,0,0,1,True
GPU_Cluster_AA,0,38,7,28,0.0,27824.8,2,0.0,0,standard,cloud_marketplace,broker_platform,0,0,0,GPU_T4,GPU_T4,0,no_commitment,single_experiment,194.0,0,1,1,0,1,True
GPU_Cluster_AA,0,49,8,10,10917.7,36151.7,2,0.0,0,standard,cloud_marketplace,broker_platform,0,0,0,GPU_T4,GPU_T5,0,no_commitment,single_experiment,173.0,0,0,1,0,1,True
GPU_Cluster_BB,0,79,10,10,15817.8,11720.2,2,0.0,0,standard,research_consortium,broker_platform,0,0,0,GPU_T1,GPU_T1,0,no_commitment,multi_run_experiment,62.0,0,0,0,0,1,True
GPU_Cluster_BB,0,148,1,12,33219.7,48996.7,2,0.0,0,on_demand,cloud_marketplace,broker_platform,0,0,0,GPU_T1,GPU_T1,0,no_commitment,single_experiment,74.8,0,1,0,0,1,True
GPU_Cluster_AA,0,24,8,14,40204.3,0.0,2,0.0,0,standard,cloud_marketplace,broker_platform,0,0,0,GPU_T1,GPU_T1,0,no_commitment,single_experiment,219.0,0,1,1,0,1,True
GPU_Cluster_BB,0,25,11,14,12343.3,14218.0,2,0.0,0,on_demand,cloud_marketplace,broker_platform,0,0,0,GPU_T1,GPU_T1,0,no_commitment,single_experiment,88.0,0,0,0,0,1,True
GPU_Cluster_BB,0,91,4,2,23367.4,37414.1,2,0.0,0,standard,cloud_marketplace,broker_platform,0,0,0,GPU_T1,GPU_T1,0,no_commitment,single_experiment,59.37,0,0,0,0,1,True
GPU_Cluster_BB,0,206,8,5,0.0,6624.6,2,2.0,0,standard,cloud_marketplace,broker_platform,0,0,0,GPU_T6,GPU_T6,0,no_commitment,single_experiment,168.3,0,1,1,0,1,True
GPU_Cluster_BB,0,88,3,23,0.0,64724.7,2,0.0,0,standard,cloud_marketplace,broker_platform,0,0,0,GPU_T1,GPU_T1,0,no_commitment,single_experiment,88.7,0,0,0,0,1,True
GPU_Cluster_BB,0,42,6,12,18406.3,87387.4,2,0.0,0,standard,cloud_marketplace,broker_platform,0,0,0,GPU_T6,GPU_T6,1,no_commitment,single_experiment,234.0,0,0,1,0,1,True
GPU_Cluster_BB,0,64,7,31,17819.7,14485.6,2,2.0,0,standard,cloud_marketplace,broker_platform,0,0,0,GPU_T6,GPU_T6,0,no_commitment,single_experiment,240.0,0,0,1,0,1,True
GPU_Cluster_BB,0,70,5,1,14301.7,58354.9,2,0.0,0,standard,cloud_marketplace,broker_platform,0,0,0,GPU_T4,GPU_T4,0,no_commitment,single_experiment,123.0,0,0,0,0,1,True
GPU_Cluster_BB,0,52,5,21,32404.0,6348.0,2,0.0,0,standard,cloud_marketplace,broker_platform,0,0,0,GPU_T4,GPU_T4,0,no_commitment,single_experiment,152.0,0,0,1,0,1,True
GPU_Cluster_BB,0,90,11,24,35161.3,82694.6,2,0.0,0,standard,cloud_marketplace,broker_platform,0,0,0,GPU_T1,GPU_T1,0,no_commitment,long_term_contract,72.25,0,2,0,0,1,True
GPU_Cluster_AA,0,94,8,15,36001.1,85909.5,2,0.0,0,standard,cloud_marketplace,broker_platform,0,0,0,GPU_T7,GPU_T7,0,no_commitment,single_experiment,233.0,0,0,1,0,1,True
GPU_Cluster_BB,0,257,7,31,35157.1,19988.6,2,0.0,0,standard,cloud_marketplace,broker_platform,0,0,0,GPU_T1,GPU_T1,0,no_commitment,single_experiment,90.95,0,0,0,0,1,True
GPU_Cluster_AA,0,64,9,26,29812.4,62834.4,2,0.0,0,standard,cloud_marketplace,broker_platform,0,0,0,GPU_T1,GPU_T1,0,no_commitment,single_experiment,73.5,0,1,0,0,1,True
GPU_Cluster_BB,0,141,4,13,19290.7,52525.3,2,0.0,0,standard,cloud_marketplace,broker_platform,0,0,0,GPU_T4,GPU_T4,0,no_commitment,single_experiment,135.9,0,1,1,0,1,True
GPU_Cluster_BB,0,32,6,8,32160.0,78882.6,3,0.0,0,standard,cloud_marketplace,broker_platform,0,0,0,GPU_T5,GPU_T6,0,no_commitment,single_experiment,170.88,0,0,1,0,1,True
GPU_Cluster_AA,0,141,1,1,45517.8,64750.0,2,2.0,0,standard,cloud_marketplace,broker_platform,0,0,0,GPU_T7,GPU_T7,0,no_commitment,single_experiment,91.75,0,1,0,0,1,True
GPU_Cluster_BB,0,33,4,3,27845.1,39936.2,2,0.0,0,standard,cloud_marketplace,broker_platform,0,0,0,GPU_T4,GPU_T4,0,no_commitment,single_experiment,135.9,0,1,1,0,1,True
GPU_Cluster_BB,0,57,5,9,0.0,65486.5,2,0.0,0,on_demand,cloud_marketplace,broker_platform,0,0,0,GPU_T1,GPU_T1,0,no_commitment,single_experiment,135.0,0,0,0,0,1,True
GPU_Cluster_BB,0,39,8,10,6863.0,14170.1,2,0.0,0,standard,research_consortium,broker_platform,0,0,0,GPU_T1,GPU_T1,0,no_commitment,multi_run_experiment,62.0,0,0,0,0,1,True
GPU_Cluster_AA,0,291,8,15,15566.0,21463.4,2,0.0,0,standard,cloud_marketplace,broker_platform,0,0,0,GPU_T1,GPU_T1,1,no_commitment,single_experiment,126.0,0,2,0,0,1,True
GPU_Cluster_BB,0,70,3,3,36788.0,40394.3,2,0.0,0,standard,cloud_marketplace,broker_platform,0,0,0,GPU_T1,GPU_T1,0,no_commitment,single_experiment,75.95,0,0,0,0,1,True
GPU_Cluster_BB,0,191,11,25,0.0,17025.5,2,0.0,0,on_demand,cloud_marketplace,broker_platform,0,0,0,GPU_T1,GPU_T5,0,no_commitment,single_experiment,71.1,0,0,0,0,1,True
GPU_Cluster_BB,0,29,4,10,14864.3,25365.6,2,0.0,0,standard,cloud_marketplace,broker_platform,0,0,0,GPU_T1,GPU_T1,0,no_commitment,single_experiment,140.0,0,0,1,0,1,True
GPU_Cluster_AA,0,90,7,5,25144.9,52965.2,2,0.0,0,standard,cloud_marketplace,broker_platform,0,0,0,GPU_T1,GPU_T1,0,no_commitment,single_experiment,82.0,0,0,0,0,1,True
GPU_Cluster_AA,0,112,3,29,0.0,42864.4,2,0.0,0,standard,cloud_marketplace,broker_platform,0,0,0,GPU_T5,GPU_T5,0,no_commitment,single_experiment,72.5,0,0,0,0,1,True
GPU_Cluster_BB,0,258,9,15,0.0,51949.4,2,0.0,0,standard,cloud_marketplace,broker_platform,0,0,0,GPU_T1,GPU_T1,0,no_commitment,single_experiment,106.2,0,0,0,0,1,True
GPU_Cluster_BB,0,141,5,25,0.0,33916.1,2,2.0,0,standard,cloud_marketplace,broker_platform,0,0,0,GPU_T6,GPU_T6,0,no_commitment,single_experiment,198.0,0,0,1,0,1,True
GPU_Cluster_BB,0,13,3,3,0.0,18028.1,2,0.0,0,standard,cloud_marketplace,broker_platform,0,0,0,GPU_T4,GPU_T4,0,no_commitment,single_experiment,89.68,0,0,0,0,1,True
GPU_Cluster_BB,0,143,5,2,9826.7,50556.9,2,0.0,0,on_demand,cloud_marketplace,broker_platform,0,0,0,GPU_T1,GPU_T1,0,no_commitment,single_experiment,64.26,0,0,0,0,1,True
GPU_Cluster_BB,0,25,3,20,12801.8,47443.1,2,0.0,0,on_demand,cloud_marketplace,broker_platform,0,0,0,GPU_T1,GPU_T1,0,no_commitment,single_experiment,59.84,0,0,0,0,1,True
GPU_Cluster_BB,0,322,5,5,0.0,15975.4,2,0.0,0,standard,managed_account,broker_platform,0,0,0,GPU_T1,GPU_T1,0,no_commitment,multi_run_experiment,75.0,0,0,0,0,1,True
GPU_Cluster_BB,0,151,12,26,11517.0,40925.8,3,0.0,0,priority,cloud_marketplace,broker_platform,0,0,0,GPU_T4,GPU_T4,0,no_commitment,single_experiment,164.05,0,2,1,0,1,True
GPU_Cluster_BB,0,68,3,14,0.0,60772.2,2,0.0,0,standard,cloud_marketplace,broker_platform,0,0,0,GPU_T1,GPU_T1,0,no_commitment,single_experiment,91.8,0,0,0,0,1,True
GPU_Cluster_BB,0,13,5,6,0.0,25135.3,2,0.0,0,standard,cloud_marketplace,broker_platform,0,0,0,GPU_T4,GPU_T7,0,no_commitment,single_experiment,156.0,0,0,1,0,1,True
GPU_Cluster_AA,0,103,8,19,12942.6,35585.4,2,0.0,0,priority,cloud_marketplace,broker_platform,0,0,0,GPU_T5,GPU_T5,0,no_commitment,single_experiment,189.42,0,1,1,0,1,True
GPU_Cluster_BB,0,66,4,13,0.0,29977.8,2,0.0,0,on_demand,cloud_marketplace,broker_platform,0,0,0,GPU_T1,GPU_T1,0,no_commitment,single_experiment,94.5,0,0,0,0,1,True
GPU_Cluster_AA,0,186,9,23,50261.8,42545.0,2,0.0,0,standard,cloud_marketplace,broker_platform,0,0,0,GPU_T1,GPU_T1,0,no_commitment,single_experiment,95.0,0,1,0,0,1,True
GPU_Cluster_AA,0,13,3,19,31103.5,28709.2,2,0.0,0,standard,cloud_marketplace,broker_platform,0,0,0,GPU_T4,GPU_T4,0,no_commitment,single_experiment,58.0,0,0,0,0,1,True
GPU_Cluster_AA,0,83,8,21,15285.8,66134.8,2,0.0,0,enterprise,cloud_marketplace,broker_platform,0,0,0,GPU_T4,GPU_T4,0,no_commitment,single_experiment,310.0,0,0,1,0,1,True
GPU_Cluster_AA,0,19,9,12,12371.2,40940.9,2,2.0,0,standard,cloud_marketplace,broker_platform,0,0,0,GPU_T7,GPU_T7,0,no_commitment,single_experiment,201.0,0,1,1,0,1,True
GPU_Cluster_AA,0,181,7,22,25771.6,41812.3,2,0.0,0,standard,cloud_marketplace,broker_platform,0,0,0,GPU_T1,GPU_T1,0,no_commitment,single_experiment,154.95,0,2,1,0,1,True
GPU_Cluster_AA,0,102,4,29,32232.0,74234.7,2,0.0,0,standard,cloud_marketplace,broker_platform,0,0,0,GPU_T4,GPU_T4,0,no_commitment,single_experiment,73.0,0,2,0,0,1,True
GPU_Cluster_BB,0,59,7,2,36525.1,0.0,2,0.0,0,standard,cloud_marketplace,broker_platform,0,0,0,GPU_T1,GPU_T1,0,no_commitment,single_experiment,96.39,0,0,0,0,1,True
GPU_Cluster_BB,0,236,4,18,22898.1,43851.9,2,0.0,0,on_demand,cloud_marketplace,broker_platform,0,0,0,GPU_T1,GPU_T1,0,no_commitment,single_experiment,99.0,0,1,0,0,1,True
GPU_Cluster_BB,0,195,9,27,31112.9,79039.7,2,0.0,0,standard,cloud_marketplace,broker_platform,0,0,0,GPU_T1,GPU_T1,0,no_commitment,single_experiment,112.56,0,1,0,0,1,True
GPU_Cluster_AA,0,75,10,19,33584.8,87216.1,2,0.0,0,standard,cloud_marketplace,broker_platform,0,0,0,GPU_T1,GPU_T1,0,no_commitment,single_experiment,36.9,0,1,0,0,1,True
GPU_Cluster_BB,0,70,6,3,0.0,35792.4,2,0.0,0,standard,managed_account,broker_platform,0,0,0,GPU_T1,GPU_T1,0,no_commitment,multi_run_experiment,100.0,0,0,0,0,1,True
GPU_Cluster_AA,0,44,7,11,23719.2,23317.9,2,0.0,0,standard,cloud_marketplace,broker_platform,0,0,0,GPU_T1,GPU_T1,0,no_commitment,single_experiment,120.6,0,0,0,0,1,True
GPU_Cluster_BB,0,50,3,11,0.0,34574.9,2,0.0,0,on_demand,cloud_marketplace,broker_platform,0,0,0,GPU_T1,GPU_T1,0,no_commitment,single_experiment,48.6,0,0,0,0,1,True
GPU_Cluster_BB,0,213,12,17,0.0,11966.9,2,0.0,0,on_demand,cloud_marketplace,broker_platform,0,0,0,GPU_T1,GPU_T1,0,no_commitment,single_experiment,67.5,0,0,0,0,1,True
GPU_Cluster_BB,0,102,6,3,0.0,18339.6,2,0.0,0,standard,cloud_marketplace,broker_platform,0,0,0,GPU_T4,GPU_T4,0,no_commitment,single_experiment,140.4,0,0,1,0,1,True
GPU_Cluster_BB,0,65,3,14,0.0,35672.5,2,0.0,0,on_demand,cloud_marketplace,broker_platform,0,0,0,GPU_T1,GPU_T1,0,no_commitment,single_experiment,79.2,0,0,0,0,1,True
GPU_Cluster_BB,0,153,7,8,28390.5,9377.1,2,0.0,0,standard,cloud_marketplace,broker_platform,0,0,0,GPU_T4,GPU_T4,0,no_commitment,single_experiment,152.1,0,0,1,0,1,True
GPU_Cluster_AA,0,112,7,30,0.0,0.0,2,2.0,0,priority,cloud_marketplace,broker_platform,0,0,0,GPU_T7,GPU_T9,0,no_commitment,single_experiment,0.0,0,0,0,0,1,True
GPU_Cluster_BB,0,148,5,6,38944.8,41331.8,2,0.0,0,standard,cloud_marketplace,broker_platform,0,0,0,GPU_T1,GPU_T1,0,no_commitment,single_experiment,99.45,0,0,0,0,1,True
GPU_Cluster_BB,0,33,11,7,9625.1,42323.0,1,0.0,0,standard,cloud_marketplace,broker_platform,0,0,0,GPU_T1,GPU_T1,0,no_commitment,single_experiment,143.28,0,0,1,0,1,True
GPU_Cluster_AA,0,137,6,4,55075.4,70225.2,2,1.0,0,priority,cloud_marketplace,broker_platform,0,0,0,GPU_T7,GPU_T7,0,no_commitment,single_experiment,175.56,0,1,1,0,1,True
GPU_Cluster_BB,0,45,6,8,0.0,18707.7,2,0.0,0,standard,cloud_marketplace,broker_platform,0,0,0,GPU_T4,GPU_T4,0,no_commitment,single_experiment,128.4,0,0,0,0,1,True
GPU_Cluster_BB,0,32,12,27,32350.2,35090.1,2,0.0,0,standard,cloud_marketplace,broker_platform,0,0,0,GPU_T4,GPU_T4,0,no_commitment,single_experiment,65.55,0,0,0,0,1,True
GPU_Cluster_BB,0,175,6,30,12682.1,32324.6,2,0.0,0,on_demand,cloud_marketplace,broker_platform,0,0,0,GPU_T1,GPU_T1,0,no_commitment,single_experiment,92.4,0,0,0,0,1,True
GPU_Cluster_BB,0,127,7,28,38334.0,35587.4,3,0.0,0,standard,cloud_marketplace,broker_platform,0,0,0,GPU_T4,GPU_T4,0,no_commitment,single_experiment,141.3,0,0,1,0,1,True
GPU_Cluster_BB,0,190,8,7,16563.4,72119.6,2,0.0,0,standard,cloud_marketplace,broker_platform,0,0,0,GPU_T4,GPU_T4,0,no_commitment,single_experiment,139.5,0,0,1,0,1,True
GPU_Cluster_BB,0,41,9,18,25984.2,53582.2,2,0.0,0,standard,cloud_marketplace,broker_platform,0,0,0,GPU_T1,GPU_T1,0,no_commitment,single_experiment,74.4,0,0,0,0,1,True
GPU_Cluster_AA,0,0,4,1,0.0,23999.3,1,0.0,0,standard,research_consortium,api_direct,0,0,0,GPU_T1,GPU_T4,0,locked_allocation,multi_run_experiment,60.0,0,0,0,0,1,True
GPU_Cluster_AA,0,42,8,26,0.0,56894.7,2,0.0,0,priority,cloud_marketplace,broker_platform,0,0,0,GPU_T1,GPU_T1,0,no_commitment,single_experiment,135.14,0,0,1,0,1,True
GPU_Cluster_BB,0,30,10,17,12768.7,12861.7,2,0.0,0,on_demand,cloud_marketplace,broker_platform,0,0,0,GPU_T1,GPU_T1,0,no_commitment,single_experiment,82.08,0,0,0,0,1,True
GPU_Cluster_BB,0,75,3,11,21251.7,18549.2,2,0.0,0,on_demand,cloud_marketplace,broker_platform,0,0,0,GPU_T1,GPU_T1,0,no_commitment,single_experiment,79.2,0,0,0,0,1,True
GPU_Cluster_AA,0,62,4,5,26169.4,102801.7,2,2.0,0,standard,cloud_marketplace,broker_platform,0,0,0,GPU_T7,GPU_T6,0,no_commitment,single_experiment,113.0,0,3,0,0,1,True
GPU_Cluster_AA,0,67,8,11,56865.3,154936.3,2,1.0,0,standard,internal_research,api_direct,0,0,0,GPU_T3,GPU_T3,1,no_commitment,single_experiment,221.62,0,0,1,0,1,True
GPU_Cluster_BB,0,113,12,26,19247.0,60517.4,2,0.0,0,standard,cloud_marketplace,broker_platform,0,0,0,GPU_T4,GPU_T4,0,no_commitment,single_experiment,115.74,0,2,0,0,1,True
GPU_Cluster_BB,0,125,7,31,58174.7,86504.2,2,0.0,0,priority,cloud_marketplace,broker_platform,0,0,0,GPU_T4,GPU_T4,0,no_commitment,single_experiment,193.0,0,0,1,0,1,True
GPU_Cluster_BB,0,21,8,27,6260.4,0.0,2,0.0,0,standard,cloud_marketplace,broker_platform,0,0,0,GPU_T1,GPU_T1,0,no_commitment,single_experiment,109.0,0,0,0,0,1,True
GPU_Cluster_BB,0,105,9,16,0.0,61019.1,2,0.0,0,standard,cloud_marketplace,broker_platform,0,0,0,GPU_T1,GPU_T1,0,no_commitment,single_experiment,71.4,0,0,0,0,1,True
GPU_Cluster_AA,0,103,2,9,0.0,27849.7,2,0.0,0,priority,research_consortium,broker_platform,0,0,0,GPU_T1,GPU_T1,0,no_commitment,multi_run_experiment,50.0,0,0,0,0,1,True
GPU_Cluster_BB,0,244,7,29,27791.3,15197.2,2,0.0,0,standard,cloud_marketplace,broker_platform,0,0,0,GPU_T1,GPU_T1,0,no_commitment,single_experiment,107.1,0,2,0,0,1,True
GPU_Cluster_BB,0,96,7,11,40759.5,19262.4,2,0.0,0,priority,managed_account,broker_platform,0,0,0,GPU_T1,GPU_T1,0,no_commitment,multi_run_experiment,94.5,0,0,0,0,1,True
GPU_Cluster_BB,0,43,7,3,0.0,36730.4,2,0.0,0,priority,research_consortium,broker_platform,0,0,0,GPU_T1,GPU_T1,0,no_commitment,multi_run_experiment,86.0,0,0,0,0,1,True
GPU_Cluster_BB,0,40,4,18,14533.0,0.0,2,0.0,0,standard,cloud_marketplace,broker_platform,0,0,0,GPU_T4,GPU_T4,0,no_commitment,single_experiment,109.8,0,0,0,0,1,True
GPU_Cluster_AA,0,185,7,30,33137.6,73946.3,2,0.0,0,standard,cloud_marketplace,broker_platform,0,0,0,GPU_T4,GPU_T4,0,no_commitment,single_experiment,195.5,0,2,1,0,1,True
GPU_Cluster_AA,0,188,9,25,46295.9,206101.2,2,0.0,0,standard,internal_research,api_direct,0,0,0,GPU_T6,GPU_T6,2,no_commitment,single_experiment,114.71,0,0,0,0,1,True
GPU_Cluster_BB,0,24,3,26,27282.7,58388.2,2,0.0,0,standard,cloud_marketplace,broker_platform,0,0,0,GPU_T1,GPU_T1,0,no_commitment,single_experiment,98.6,0,0,0,0,1,True
GPU_Cluster_BB,0,64,8,14,24650.8,68358.7,2,0.0,0,standard,cloud_marketplace,broker_platform,0,0,0,GPU_T1,GPU_T1,0,no_commitment,single_experiment,135.9,0,1,1,0,1,True
GPU_Cluster_AA,0,193,7,23,45597.9,103503.5,2,0.0,0,standard,cloud_marketplace,broker_platform,0,0,0,GPU_T1,GPU_T1,0,no_commitment,single_experiment,128.0,0,2,0,0,1,True
GPU_Cluster_BB,0,206,5,30,0.0,31320.1,2,0.0,0,priority,cloud_marketplace,broker_platform,0,0,0,GPU_T1,GPU_T1,0,no_commitment,single_experiment,159.3,0,0,1,0,1,True
GPU_Cluster_BB,0,34,6,10,25837.8,102224.5,2,0.0,0,priority,cloud_marketplace,broker_platform,0,0,0,GPU_T1,GPU_T1,0,no_commitment,single_experiment,151.14,0,1,1,0,1,True
GPU_Cluster_AA,0,169,6,7,22766.7,49655.1,2,0.0,0,standard,cloud_marketplace,broker_platform,0,0,0,GPU_T4,GPU_T4,0,no_commitment,single_experiment,92.0,0,1,0,0,1,True
GPU_Cluster_BB,0,48,10,2,16522.6,8824.7,2,0.0,0,standard,cloud_marketplace,broker_platform,0,0,0,GPU_T1,GPU_T1,0,no_commitment,single_experiment,73.51,0,0,0,0,1,True
GPU_Cluster_AA,0,171,4,4,17637.2,14180.8,2,0.0,0,priority,research_consortium,broker_platform,0,0,0,GPU_T1,GPU_T1,0,locked_allocation,multi_run_experiment,85.0,0,0,0,0,1,True
GPU_Cluster_AA,0,98,5,4,0.0,43753.1,3,0.0,0,standard,cloud_marketplace,broker_platform,0,0,0,GPU_T1,GPU_T1,0,no_commitment,single_experiment,66.45,0,2,0,0,1,True
GPU_Cluster_BB,0,129,8,15,0.0,83144.6,2,0.0,0,on_demand,cloud_marketplace,broker_platform,0,0,0,GPU_T1,GPU_T1,0,no_commitment,single_experiment,125.0,0,2,0,0,1,True
GPU_Cluster_BB,0,155,7,14,29772.6,135743.5,2,0.0,0,on_demand,cloud_marketplace,broker_platform,0,0,0,GPU_T1,GPU_T1,0,no_commitment,single_experiment,86.82,0,2,0,0,1,True
GPU_Cluster_AA,0,160,8,27,38508.3,54546.0,2,0.0,0,standard,cloud_marketplace,broker_platform,0,0,0,GPU_T1,GPU_T1,0,no_commitment,single_experiment,113.91,0,0,0,0,1,True
GPU_Cluster_BB,0,145,7,14,0.0,8488.0,2,0.0,0,standard,cloud_marketplace,broker_platform,0,0,0,GPU_T4,GPU_T4,0,no_commitment,single_experiment,116.1,0,0,0,0,1,True
GPU_Cluster_AA,0,52,7,4,46239.9,57532.2,2,0.0,0,standard,cloud_marketplace,broker_platform,0,0,0,GPU_T1,GPU_T1,0,no_commitment,single_experiment,67.24,0,0,0,0,1,True
GPU_Cluster_BB,0,33,9,1,23444.7,53240.6,2,0.0,0,priority,cloud_marketplace,broker_platform,0,0,0,GPU_T5,GPU_T5,1,no_commitment,single_experiment,143.94,0,0,1,0,1,True
GPU_Cluster_BB,0,76,1,2,14859.3,45585.6,3,0.0,0,standard,cloud_marketplace,broker_platform,0,0,0,GPU_T4,GPU_T4,0,no_commitment,single_experiment,119.0,0,1,0,0,1,True
GPU_Cluster_BB,0,56,11,10,19485.5,51722.1,2,0.0,0,standard,cloud_marketplace,broker_platform,0,0,0,GPU_T1,GPU_T1,0,no_commitment,single_experiment,88.23,0,0,0,0,1,True
GPU_Cluster_BB,0,49,3,6,41074.8,15798.2,2,0.0,0,on_demand,cloud_marketplace,broker_platform,0,0,0,GPU_T1,GPU_T1,0,no_commitment,single_experiment,69.5,0,0,0,0,1,True
GPU_Cluster_BB,0,53,4,28,0.0,42337.6,2,2.0,0,standard,cloud_marketplace,broker_platform,0,0,0,GPU_T6,GPU_T6,0,no_commitment,single_experiment,192.0,0,0,1,0,1,True
GPU_Cluster_BB,0,13,9,27,0.0,26638.7,1,0.0,0,standard,cloud_marketplace,broker_platform,0,0,0,GPU_T6,GPU_T6,0,no_commitment,single_experiment,176.33,0,0,1,0,1,True
GPU_Cluster_BB,0,136,8,12,0.0,21988.8,2,1.0,0,standard,cloud_marketplace,broker_platform,0,0,0,GPU_T4,GPU_T4,0,no_commitment,single_experiment,145.3,0,1,1,0,1,True
GPU_Cluster_BB,0,36,8,7,0.0,24310.0,2,0.0,0,standard,research_consortium,broker_platform,0,0,0,GPU_T1,GPU_T1,0,no_commitment,multi_run_experiment,62.0,0,0,0,0,1,True
GPU_Cluster_BB,0,34,3,26,34772.1,37281.9,2,0.0,0,standard,cloud_marketplace,broker_platform,0,0,0,GPU_T4,GPU_T4,0,no_commitment,single_experiment,106.68,0,0,0,0,1,True
GPU_Cluster_AA,0,335,5,26,22925.1,82061.9,2,0.0,0,standard,cloud_marketplace,broker_platform,0,0,0,GPU_T1,GPU_T1,0,no_commitment,single_experiment,62.75,0,2,0,0,1,True
GPU_Cluster_AA,0,93,2,4,43872.8,68566.3,2,0.0,0,standard,cloud_marketplace,broker_platform,0,0,0,GPU_T1,GPU_T1,0,no_commitment,single_experiment,46.0,0,1,0,0,1,True
GPU_Cluster_BB,0,201,8,28,14513.7,48774.7,2,0.0,0,standard,cloud_marketplace,broker_platform,0,0,0,GPU_T4,GPU_T4,0,no_commitment,single_experiment,126.0,0,0,0,0,1,True
GPU_Cluster_BB,0,84,11,27,23896.9,35359.0,2,0.0,0,standard,research_consortium,broker_platform,0,0,0,GPU_T1,GPU_T1,0,no_commitment,multi_run_experiment,64.0,0,0,0,0,1,True
GPU_Cluster_BB,0,74,3,28,0.0,53449.8,2,0.0,0,standard,cloud_marketplace,broker_platform,0,0,0,GPU_T4,GPU_T4,0,no_commitment,single_experiment,102.0,0,0,0,0,1,True
GPU_Cluster_AA,0,284,9,2,34801.9,199638.0,2,0.0,0,standard,research_consortium,broker_platform,0,0,0,GPU_T1,GPU_T1,0,no_commitment,multi_run_experiment,68.8,0,0,0,0,1,True
GPU_Cluster_AA,0,143,7,16,25794.3,97141.3,2,0.0,0,standard,cloud_marketplace,broker_platform,0,0,0,GPU_T1,GPU_T1,0,no_commitment,single_experiment,142.0,0,1,1,0,1,True
GPU_Cluster_BB,0,247,10,25,0.0,64029.4,2,0.0,0,standard,cloud_marketplace,broker_platform,0,0,0,GPU_T1,GPU_T1,0,no_commitment,single_experiment,90.95,0,0,0,0,1,True
GPU_Cluster_BB,0,70,6,9,0.0,46167.0,2,0.0,0,standard,cloud_marketplace,broker_platform,0,0,0,GPU_T1,GPU_T1,0,no_commitment,single_experiment,126.9,0,0,0,0,1,True
GPU_Cluster_BB,0,92,6,10,9157.9,12985.9,2,0.0,0,standard,cloud_marketplace,broker_platform,0,0,0,GPU_T1,GPU_T1,0,no_commitment,single_experiment,115.2,0,0,0,0,1,True
GPU_Cluster_BB,0,139,8,23,28853.2,98016.5,2,0.0,0,standard,cloud_marketplace,broker_platform,0,0,0,GPU_T1,GPU_T1,0,no_commitment,single_experiment,98.87,0,1,0,0,1,True
GPU_Cluster_BB,0,68,8,30,7310.3,83459.7,2,0.0,0,standard,cloud_marketplace,broker_platform,0,0,0,GPU_T1,GPU_T1,0,no_commitment,single_experiment,131.4,0,1,0,0,1,True
GPU_Cluster_BB,0,26,11,17,0.0,32419.3,2,0.0,0,standard,cloud_marketplace,broker_platform,0,0,0,GPU_T4,GPU_T4,0,no_commitment,single_experiment,91.2,0,0,0,0,1,True
GPU_Cluster_AA,0,105,2,25,46453.3,80041.6,2,0.0,0,standard,cloud_marketplace,broker_platform,0,0,0,GPU_T1,GPU_T1,3,no_commitment,single_experiment,48.27,0,1,0,0,1,True
GPU_Cluster_AA,0,87,7,13,32936.4,79755.0,2,1.0,0,standard,cloud_marketplace,broker_platform,0,0,0,GPU_T5,GPU_T5,0,no_commitment,single_experiment,223.0,0,1,1,0,1,True
GPU_Cluster_BB,0,14,2,9,0.0,42564.6,3,0.0,0,standard,cloud_marketplace,broker_platform,0,0,0,GPU_T4,GPU_T4,1,no_commitment,single_experiment,158.0,0,0,1,0,1,True
GPU_Cluster_AA,0,72,7,22,0.0,38694.1,1,0.0,0,standard,cloud_marketplace,broker_platform,0,0,0,GPU_T1,GPU_T1,0,no_commitment,single_experiment,110.75,0,1,0,0,1,True
GPU_Cluster_BB,0,31,11,30,40066.4,51584.6,2,0.0,0,on_demand,cloud_marketplace,broker_platform,0,0,0,GPU_T1,GPU_T1,0,no_commitment,single_experiment,74.8,0,2,0,0,1,True
GPU_Cluster_AA,0,45,8,21,20809.9,9027.1,3,0.0,0,standard,cloud_marketplace,broker_platform,0,0,0,GPU_T1,GPU_T1,0,no_commitment,single_experiment,186.68,0,1,1,0,1,True
GPU_Cluster_AA,0,36,1,23,24103.4,40432.8,2,0.0,0,standard,cloud_marketplace,broker_platform,0,0,0,GPU_T1,GPU_T1,0,no_commitment,single_experiment,48.0,0,0,0,0,1,True
GPU_Cluster_BB,0,186,8,3,0.0,11736.4,2,1.0,0,standard,cloud_marketplace,broker_platform,0,0,0,GPU_T1,GPU_T2,0,no_commitment,single_experiment,121.5,0,0,0,0,1,True
GPU_Cluster_BB,0,230,8,21,20983.9,92120.9,2,0.0,0,standard,cloud_marketplace,broker_platform,0,0,0,GPU_T1,GPU_T1,0,no_commitment,single_experiment,117.0,0,2,0,0,1,True
GPU_Cluster_BB,0,74,4,7,0.0,31453.6,3,0.0,0,priority,cloud_marketplace,broker_platform,0,0,0,GPU_T5,GPU_T5,0,no_commitment,single_experiment,189.0,0,0,1,0,1,True
GPU_Cluster_AA,0,5,5,28,16759.9,11139.1,2,2.0,0,standard,cloud_marketplace,broker_platform,0,0,0,GPU_T7,GPU_T7,0,no_commitment,single_experiment,145.0,0,0,1,0,1,True
GPU_Cluster_BB,0,92,5,17,0.0,24966.7,2,0.0,0,priority,cloud_marketplace,broker_platform,0,0,0,GPU_T1,GPU_T1,0,no_commitment,single_experiment,164.7,0,0,1,0,1,True
GPU_Cluster_BB,0,175,7,22,20163.9,9843.9,2,0.0,0,standard,cloud_marketplace,broker_platform,0,0,0,GPU_T4,GPU_T4,2,no_commitment,single_experiment,139.5,0,0,1,0,1,True
GPU_Cluster_AA,0,107,7,2,24699.0,71567.9,2,0.0,0,standard,cloud_marketplace,broker_platform,0,0,0,GPU_T1,GPU_T1,0,no_commitment,single_experiment,110.7,0,2,0,0,1,True
GPU_Cluster_BB,0,116,4,2,36394.4,52681.3,3,0.0,0,priority,cloud_marketplace,broker_platform,0,0,0,GPU_T4,GPU_T4,0,no_commitment,single_experiment,217.8,0,3,1,0,1,True
GPU_Cluster_BB,0,205,8,29,14234.2,82620.6,2,0.0,0,priority,cloud_marketplace,broker_platform,0,0,0,GPU_T1,GPU_T1,0,no_commitment,single_experiment,151.2,0,2,1,0,1,True
GPU_Cluster_BB,0,109,4,30,48079.6,18416.9,2,0.0,0,standard,cloud_marketplace,broker_platform,0,0,0,GPU_T1,GPU_T1,0,no_commitment,single_experiment,77.03,0,1,0,0,1,True
GPU_Cluster_AA,0,225,8,22,18639.5,50005.9,2,0.0,0,standard,internal_research,api_direct,0,0,0,GPU_T1,GPU_T1,0,no_commitment,single_experiment,138.38,0,0,1,0,1,True
GPU_Cluster_BB,0,223,12,30,0.0,17770.1,1,0.0,0,standard,cloud_marketplace,broker_platform,0,0,0,GPU_T1,GPU_T1,0,no_commitment,single_experiment,90.9,0,0,0,0,1,True
GPU_Cluster_BB,0,10,2,19,18236.1,24447.8,3,0.0,0,standard,cloud_marketplace,broker_platform,0,0,0,GPU_T4,GPU_T4,0,no_commitment,single_experiment,127.5,0,0,0,0,1,True
GPU_Cluster_BB,0,8,2,6,16804.9,24170.8,2,0.0,0,on_demand,cloud_marketplace,broker_platform,0,0,0,GPU_T1,GPU_T1,0,no_commitment,single_experiment,88.0,0,0,0,0,1,True
GPU_Cluster_BB,0,8,6,2,0.0,19078.7,2,0.0,0,on_demand,cloud_marketplace,broker_platform,0,0,0,GPU_T1,GPU_T1,0,no_commitment,single_experiment,131.2,0,0,0,0,1,True
GPU_Cluster_BB,0,143,8,26,0.0,13535.6,2,0.0,0,on_demand,cloud_marketplace,broker_platform,0,0,0,GPU_T1,GPU_T1,0,no_commitment,single_experiment,85.5,0,0,0,0,1,True
GPU_Cluster_BB,0,65,7,10,11042.1,9248.7,2,2.0,0,standard,internal_research,api_direct,0,0,0,GPU_T5,GPU_T5,0,no_commitment,single_experiment,185.0,0,0,1,0,1,True
GPU_Cluster_BB,0,51,10,28,0.0,71059.1,2,0.0,0,on_demand,cloud_marketplace,broker_platform,0,0,0,GPU_T1,GPU_T1,0,no_commitment,single_experiment,62.21,0,0,0,0,1,True
GPU_Cluster_BB,0,46,5,12,35823.9,103743.6,2,0.0,0,standard,cloud_marketplace,broker_platform,0,0,0,GPU_T4,GPU_T4,0,no_commitment,single_experiment,140.4,0,1,1,0,1,True
GPU_Cluster_BB,0,124,5,5,10384.3,28849.4,1,0.0,0,standard,cloud_marketplace,broker_platform,0,0,0,GPU_T1,GPU_T1,0,no_commitment,single_experiment,99.45,0,0,0,0,1,True
GPU_Cluster_AA,0,22,8,23,0.0,42506.5,2,0.0,0,standard,cloud_marketplace,broker_platform,0,0,0,GPU_T1,GPU_T1,0,no_commitment,single_experiment,227.0,0,2,1,0,1,True
GPU_Cluster_BB,0,17,3,18,23585.4,21865.5,2,0.0,0,standard,cloud_marketplace,broker_platform,0,0,0,GPU_T1,GPU_T1,0,no_commitment,single_experiment,126.0,0,0,0,0,1,True
GPU_Cluster_BB,0,26,11,3,14372.9,83072.8,2,0.0,0,standard,cloud_marketplace,broker_platform,0,0,0,GPU_T1,GPU_T1,0,no_commitment,single_experiment,99.45,0,0,0,0,1,True
GPU_Cluster_BB,0,221,9,18,0.0,13197.7,2,0.0,0,standard,cloud_marketplace,broker_platform,0,0,0,GPU_T1,GPU_T7,0,no_commitment,single_experiment,89.2,0,0,0,0,1,True
GPU_Cluster_AA,0,49,9,1,0.0,50981.4,2,0.0,0,standard,cloud_marketplace,broker_platform,0,0,0,GPU_T1,GPU_T1,0,no_commitment,single_experiment,189.33,0,1,1,0,1,True
GPU_Cluster_AA,0,18,1,27,12143.5,40847.6,2,0.0,0,standard,cloud_marketplace,broker_platform,0,0,0,GPU_T6,GPU_T6,0,no_commitment,single_experiment,52.56,0,0,0,0,1,True
GPU_Cluster_BB,0,34,2,8,22250.2,37082.6,1,0.0,0,standard,cloud_marketplace,broker_platform,0,0,0,GPU_T1,GPU_T1,0,no_commitment,single_experiment,73.9,0,0,0,0,1,True
GPU_Cluster_AA,0,136,3,24,0.0,63808.2,2,0.0,0,standard,cloud_marketplace,broker_platform,0,0,0,GPU_T1,GPU_T1,0,no_commitment,single_experiment,56.0,0,2,0,0,1,True
GPU_Cluster_BB,0,233,11,7,24659.7,9534.2,2,0.0,0,standard,research_consortium,broker_platform,0,0,0,GPU_T1,GPU_T1,0,no_commitment,multi_run_experiment,60.0,0,0,0,0,1,True
GPU_Cluster_BB,0,191,8,13,43658.4,26872.3,2,0.0,0,on_demand,cloud_marketplace,broker_platform,0,0,0,GPU_T1,GPU_T1,0,no_commitment,single_experiment,112.5,0,0,0,0,1,True
GPU_Cluster_BB,0,66,4,19,0.0,71289.2,2,0.0,0,standard,cloud_marketplace,broker_platform,0,0,0,GPU_T4,GPU_T4,0,no_commitment,single_experiment,112.2,0,0,0,0,1,True
GPU_Cluster_AA,0,94,7,31,23086.3,73557.5,2,2.0,0,priority,cloud_marketplace,broker_platform,0,0,0,GPU_T7,GPU_T7,0,no_commitment,single_experiment,318.71,0,0,1,0,1,True
GPU_Cluster_AA,0,77,9,18,18032.0,88706.7,2,0.0,0,standard,cloud_marketplace,broker_platform,0,0,0,GPU_T1,GPU_T1,0,no_commitment,single_experiment,86.86,0,1,0,0,1,True
GPU_Cluster_AA,0,122,7,23,32917.0,57138.0,2,2.0,0,standard,internal_research,api_direct,0,0,0,GPU_T3,GPU_T3,0,no_commitment,single_experiment,205.0,0,0,1,0,1,True
GPU_Cluster_AA,0,206,5,14,53288.1,114203.2,2,0.0,0,standard,cloud_marketplace,broker_platform,0,0,0,GPU_T5,GPU_T5,0,no_commitment,single_experiment,59.93,0,0,0,0,1,True
GPU_Cluster_BB,0,34,4,4,36776.3,83838.8,2,0.0,0,priority,cloud_marketplace,broker_platform,0,0,0,GPU_T1,GPU_T1,0,no_commitment,single_experiment,178.0,0,0,1,0,1,True
GPU_Cluster_BB,0,55,4,5,0.0,38718.3,3,0.0,0,standard,cloud_marketplace,broker_platform,0,0,0,GPU_T4,GPU_T4,0,no_commitment,single_experiment,180.0,0,0,1,0,1,True
GPU_Cluster_BB,0,53,1,30,19442.9,60319.9,2,0.0,0,priority,cloud_marketplace,broker_platform,0,0,0,GPU_T1,GPU_T1,2,no_commitment,single_experiment,122.4,0,1,0,0,1,True
GPU_Cluster_BB,0,99,4,22,33518.0,47419.2,2,0.0,0,on_demand,cloud_marketplace,broker_platform,0,0,0,GPU_T1,GPU_T1,0,no_commitment,single_experiment,108.0,0,0,0,0,1,True
GPU_Cluster_BB,0,91,4,13,0.0,41511.4,2,0.0,0,standard,cloud_marketplace,broker_platform,0,0,0,GPU_T1,GPU_T1,0,no_commitment,single_experiment,96.3,0,0,0,0,1,True
GPU_Cluster_BB,0,138,7,20,8821.6,74234.9,2,0.0,0,standard,cloud_marketplace,broker_platform,0,0,0,GPU_T4,GPU_T4,0,no_commitment,single_experiment,138.21,0,0,1,0,1,True
GPU_Cluster_BB,0,29,1,18,0.0,68777.9,1,0.0,0,standard,research_consortium,broker_platform,0,0,0,GPU_T1,GPU_T1,0,no_commitment,multi_run_experiment,65.0,0,0,0,0,1,True
GPU_Cluster_BB,0,130,5,26,24521.1,32171.4,2,0.0,0,on_demand,cloud_marketplace,broker_platform,0,0,0,GPU_T1,GPU_T1,0,no_commitment,single_experiment,116.0,0,0,0,0,1,True
GPU_Cluster_BB,0,50,5,22,10236.6,86039.7,2,0.0,0,standard,cloud_marketplace,broker_platform,0,0,0,GPU_T4,GPU_T4,0,no_commitment,single_experiment,199.0,0,1,1,0,1,True
GPU_Cluster_BB,0,15,1,16,11071.7,32956.8,2,0.0,0,on_demand,cloud_marketplace,broker_platform,0,0,0,GPU_T1,GPU_T1,0,no_commitment,single_experiment,85.67,0,0,0,0,1,True
GPU_Cluster_BB,0,251,7,18,44339.8,76953.2,2,0.0,0,standard,cloud_marketplace,broker_platform,0,0,0,GPU_T1,GPU_T1,0,no_commitment,single_experiment,107.1,0,1,0,0,1,True
GPU_Cluster_BB,0,8,5,24,0.0,20506.1,1,0.0,0,standard,cloud_marketplace,broker_platform,0,0,0,GPU_T1,GPU_T1,0,no_commitment,single_experiment,114.75,0,0,0,0,1,True
GPU_Cluster_BB,0,49,7,9,33012.4,25149.4,2,0.0,0,standard,cloud_marketplace,broker_platform,0,0,0,GPU_T4,GPU_T4,0,no_commitment,single_experiment,156.67,0,0,1,0,1,True
GPU_Cluster_AA,0,42,2,24,0.0,39415.6,2,2.0,0,standard,cloud_marketplace,broker_platform,0,0,0,GPU_T7,GPU_T7,0,no_commitment,single_experiment,76.0,0,0,0,0,1,True
GPU_Cluster_BB,0,36,12,24,11554.1,24972.3,2,0.0,0,standard,cloud_marketplace,broker_platform,0,0,0,GPU_T1,GPU_T1,0,no_commitment,single_experiment,58.92,0,0,0,0,1,True
GPU_Cluster_BB,0,249,6,8,0.0,23885.6,3,0.0,0,priority,cloud_marketplace,broker_platform,0,0,0,GPU_T4,GPU_T4,0,no_commitment,single_experiment,200.7,0,1,1,0,1,True
GPU_Cluster_BB,0,179,5,26,15039.7,43919.9,2,0.0,0,standard,cloud_marketplace,broker_platform,0,0,0,GPU_T1,GPU_T1,0,no_commitment,single_experiment,126.0,0,0,0,0,1,True
GPU_Cluster_BB,0,24,7,11,0.0,27758.8,2,0.0,0,on_demand,cloud_marketplace,broker_platform,0,0,0,GPU_T1,GPU_T1,0,no_commitment,single_experiment,135.67,0,0,1,0,1,True
GPU_Cluster_BB,0,44,11,3,0.0,17589.5,2,0.0,0,standard,cloud_marketplace,broker_platform,0,0,0,GPU_T1,GPU_T1,0,no_commitment,single_experiment,77.76,0,0,0,0,1,True
GPU_Cluster_BB,0,18,2,14,0.0,32268.4,2,0.0,0,standard,cloud_marketplace,broker_platform,0,0,0,GPU_T4,GPU_T4,0,no_commitment,single_experiment,100.3,0,0,0,0,1,True
GPU_Cluster_BB,0,56,11,11,0.0,29291.4,2,0.0,0,standard,cloud_marketplace,broker_platform,0,0,0,GPU_T1,GPU_T1,0,no_commitment,single_experiment,97.2,0,0,0,0,1,True
GPU_Cluster_BB,0,35,5,22,16493.7,32405.1,2,0.0,0,standard,cloud_marketplace,broker_platform,0,0,0,GPU_T1,GPU_T1,0,no_commitment,single_experiment,108.9,0,0,0,0,1,True
GPU_Cluster_BB,0,123,5,27,17866.5,19854.2,2,0.0,0,on_demand,cloud_marketplace,broker_platform,0,0,0,GPU_T1,GPU_T1,0,no_commitment,single_experiment,108.0,0,0,0,0,1,True
GPU_Cluster_BB,0,248,7,11,0.0,60989.3,2,1.0,0,standard,cloud_marketplace,broker_platform,0,0,0,GPU_T1,GPU_T1,0,no_commitment,single_experiment,125.1,0,2,0,0,1,True
GPU_Cluster_AA,0,176,7,6,37362.2,62754.2,2,0.0,0,standard,cloud_marketplace,broker_platform,0,0,0,GPU_T1,GPU_T1,0,no_commitment,single_experiment,93.54,0,0,0,0,1,True
GPU_Cluster_BB,0,51,8,29,38047.3,70868.5,2,0.0,0,standard,cloud_marketplace,broker_platform,0,0,0,GPU_T4,GPU_T4,0,no_commitment,single_experiment,123.3,0,0,0,0,1,True
GPU_Cluster_BB,0,69,3,10,12650.0,55364.1,2,0.0,0,standard,cloud_marketplace,broker_platform,0,0,0,GPU_T1,GPU_T1,0,no_commitment,single_experiment,69.6,0,0,0,0,1,True
GPU_Cluster_AA,0,38,5,25,14943.2,48957.5,3,0.0,0,standard,cloud_marketplace,broker_platform,0,0,0,GPU_T7,GPU_T7,1,no_commitment,single_experiment,170.0,0,0,1,0,1,True
GPU_Cluster_AA,0,137,7,9,24497.6,49977.3,2,0.0,0,standard,cloud_marketplace,broker_platform,0,0,0,GPU_T1,GPU_T1,0,no_commitment,single_experiment,119.0,0,1,0,0,1,True
GPU_Cluster_AA,0,117,12,21,32998.7,80061.1,2,0.0,0,standard,cloud_marketplace,broker_platform,0,0,0,GPU_T1,GPU_T1,0,no_commitment,single_experiment,30.24,0,0,0,0,1,True
GPU_Cluster_BB,0,201,7,24,17555.6,29993.7,2,0.0,0,standard,cloud_marketplace,broker_platform,0,0,0,GPU_T1,GPU_T1,0,no_commitment,single_experiment,130.5,0,0,0,0,1,True
GPU_Cluster_BB,0,118,6,15,0.0,56464.2,2,2.0,0,standard,cloud_marketplace,broker_platform,0,0,0,GPU_T6,GPU_T6,0,no_commitment,single_experiment,230.0,0,0,1,0,1,True
GPU_Cluster_BB,0,17,2,12,9086.7,24447.4,2,0.0,0,priority,cloud_marketplace,broker_platform,0,0,0,GPU_T4,GPU_T4,0,no_commitment,single_experiment,144.0,0,0,1,0,1,True
GPU_Cluster_BB,0,134,4,25,0.0,65684.6,2,0.0,0,on_demand,cloud_marketplace,broker_platform,0,0,0,GPU_T1,GPU_T1,0,no_commitment,single_experiment,99.0,0,0,0,0,1,True
GPU_Cluster_BB,0,73,6,13,0.0,35759.3,2,0.0,0,on_demand,cloud_marketplace,broker_platform,0,0,0,GPU_T1,GPU_T1,0,no_commitment,single_experiment,140.0,0,2,1,0,1,True
GPU_Cluster_BB,0,161,8,21,43679.3,66891.2,2,0.0,0,standard,cloud_marketplace,broker_platform,0,0,0,GPU_T4,GPU_T4,0,no_commitment,single_experiment,139.5,0,1,1,0,1,True
GPU_Cluster_AA,0,19,11,14,0.0,16219.8,2,0.0,0,standard,enterprise_client,enterprise_portal,0,0,0,GPU_T1,GPU_T1,0,locked_allocation,multi_run_experiment,48.0,0,0,1,0,1,True
GPU_Cluster_BB,0,41,6,13,0.0,38076.1,4,0.0,0,standard,cloud_marketplace,broker_platform,0,0,0,GPU_T4,GPU_T4,1,no_commitment,single_experiment,210.0,0,0,1,0,1,True
GPU_Cluster_AA,0,82,9,10,52181.7,35606.4,2,0.0,0,priority,cloud_marketplace,broker_platform,0,0,0,GPU_T5,GPU_T5,0,no_commitment,single_experiment,153.0,0,1,1,0,1,True
GPU_Cluster_AA,0,20,8,26,0.0,14017.3,2,0.0,0,standard,cloud_marketplace,broker_platform,0,0,0,GPU_T1,GPU_T1,0,no_commitment,single_experiment,151.2,0,0,1,0,1,True
GPU_Cluster_BB,0,50,8,25,0.0,64391.3,2,0.0,0,standard,research_consortium,broker_platform,0,0,0,GPU_T1,GPU_T1,0,no_commitment,multi_run_experiment,62.0,0,0,0,0,1,True
GPU_Cluster_AA,0,62,7,20,31112.8,61356.7,2,0.0,0,priority,cloud_marketplace,broker_platform,0,0,0,GPU_T4,GPU_T4,1,no_commitment,single_experiment,167.0,0,0,1,0,1,True
GPU_Cluster_AA,0,108,6,11,31275.7,19204.0,2,0.0,0,standard,cloud_marketplace,broker_platform,0,0,0,GPU_T1,GPU_T1,0,no_commitment,single_experiment,147.25,0,1,1,0,1,True
GPU_Cluster_AA,0,265,4,1,20129.0,80050.4,2,0.0,0,standard,cloud_marketplace,broker_platform,0,0,0,GPU_T4,GPU_T4,0,no_commitment,single_experiment,53.97,0,1,0,0,1,True
GPU_Cluster_BB,0,91,4,9,26915.8,16528.9,3,0.0,0,standard,cloud_marketplace,broker_platform,0,0,0,GPU_T4,GPU_T4,0,no_commitment,single_experiment,166.5,0,0,1,0,1,True
GPU_Cluster_BB,0,43,6,8,37181.0,67231.3,2,0.0,0,standard,cloud_marketplace,broker_platform,0,0,0,GPU_T1,GPU_T1,0,no_commitment,single_experiment,156.0,0,1,1,0,1,True
GPU_Cluster_BB,0,129,6,18,22924.5,86068.1,2,0.0,0,priority,cloud_marketplace,broker_platform,0,0,0,GPU_T1,GPU_T1,0,no_commitment,single_experiment,160.2,0,0,1,0,1,True
GPU_Cluster_BB,0,13,7,24,15751.5,7740.1,2,0.0,0,standard,cloud_marketplace,broker_platform,0,0,0,GPU_T1,GPU_T1,0,no_commitment,single_experiment,139.0,0,0,1,0,1,True
GPU_Cluster_BB,0,121,8,20,24637.8,117143.8,2,0.0,0,on_demand,cloud_marketplace,broker_platform,0,0,0,GPU_T1,GPU_T1,0,no_commitment,single_experiment,100.0,0,1,0,0,1,True
GPU_Cluster_BB,0,45,8,13,30447.8,19435.5,2,0.0,0,standard,cloud_marketplace,broker_platform,0,0,0,GPU_T1,GPU_T1,0,no_commitment,single_experiment,109.44,0,0,0,0,1,True
GPU_Cluster_BB,0,42,11,25,0.0,24138.6,2,0.0,0,standard,cloud_marketplace,broker_platform,0,0,0,GPU_T1,GPU_T1,0,no_commitment,single_experiment,74.88,0,0,0,0,1,True
GPU_Cluster_BB,0,45,6,19,27476.2,45699.0,2,0.0,0,standard,cloud_marketplace,broker_platform,0,0,0,GPU_T1,GPU_T1,0,no_commitment,single_experiment,150.0,0,0,1,0,1,True
GPU_Cluster_AA,0,33,7,20,29470.0,54280.9,2,2.0,0,priority,cloud_marketplace,broker_platform,0,0,0,GPU_T3,GPU_T3,0,no_commitment,single_experiment,168.3,0,1,1,0,1,True
GPU_Cluster_BB,0,47,12,5,22432.2,14333.7,2,0.0,0,standard,research_consortium,broker_platform,0,0,0,GPU_T1,GPU_T1,0,no_commitment,multi_run_experiment,62.0,0,0,0,0,1,True
GPU_Cluster_BB,0,175,7,5,12349.9,44836.2,2,0.0,0,standard,cloud_marketplace,broker_platform,0,0,0,GPU_T1,GPU_T1,0,no_commitment,single_experiment,107.1,0,0,0,0,1,True
GPU_Cluster_BB,0,219,8,25,33748.3,30133.6,2,0.0,0,standard,cloud_marketplace,broker_platform,0,0,0,GPU_T1,GPU_T1,0,no_commitment,single_experiment,117.0,0,0,0,0,1,True
GPU_Cluster_BB,0,221,9,12,20987.7,50146.5,2,0.0,0,on_demand,cloud_marketplace,broker_platform,0,0,0,GPU_T1,GPU_T1,0,no_commitment,single_experiment,109.65,0,1,0,0,1,True
GPU_Cluster_BB,0,161,6,14,0.0,28983.5,2,0.0,0,standard,cloud_marketplace,broker_platform,0,0,0,GPU_T1,GPU_T1,0,no_commitment,single_experiment,135.0,0,0,0,0,1,True
GPU_Cluster_BB,0,80,9,25,38053.3,32255.7,2,0.0,0,standard,cloud_marketplace,broker_platform,0,0,0,GPU_T1,GPU_T1,0,no_commitment,single_experiment,135.9,0,0,1,0,1,True
GPU_Cluster_AA,0,37,7,19,0.0,8016.3,2,0.0,0,standard,cloud_marketplace,broker_platform,0,0,0,GPU_T1,GPU_T1,0,no_commitment,single_experiment,190.0,0,0,1,0,1,True
GPU_Cluster_BB,0,69,10,25,32414.7,10613.6,2,0.0,0,standard,research_consortium,broker_platform,0,0,0,GPU_T1,GPU_T1,0,no_commitment,multi_run_experiment,85.67,0,0,0,0,1,True
GPU_Cluster_BB,0,242,2,16,0.0,54842.5,2,0.0,0,standard,cloud_marketplace,broker_platform,0,0,0,GPU_T1,GPU_T1,1,no_commitment,single_experiment,99.2,0,0,0,0,1,True
GPU_Cluster_BB,0,11,5,23,0.0,13183.7,1,0.0,0,standard,cloud_marketplace,broker_platform,0,0,0,GPU_T1,GPU_T1,0,no_commitment,single_experiment,130.0,0,0,0,0,1,True
GPU_Cluster_BB,0,153,7,18,0.0,35623.2,2,0.0,0,standard,cloud_marketplace,broker_platform,0,0,0,GPU_T4,GPU_T4,0,no_commitment,single_experiment,152.1,0,0,1,0,1,True
GPU_Cluster_BB,0,249,6,15,38101.4,83150.0,2,0.0,0,standard,cloud_marketplace,broker_platform,0,0,0,GPU_T1,GPU_T1,0,no_commitment,single_experiment,117.0,0,2,0,0,1,True
GPU_Cluster_AA,0,38,8,4,34727.2,229009.8,2,0.0,0,standard,cloud_marketplace,broker_platform,0,0,0,GPU_T1,GPU_T1,0,no_commitment,single_experiment,125.82,0,1,0,0,1,True
GPU_Cluster_AA,0,197,4,30,9910.4,12700.4,2,0.0,0,priority,research_consortium,broker_platform,0,0,0,GPU_T1,GPU_T1,0,no_commitment,multi_run_experiment,85.0,0,0,0,0,1,True
GPU_Cluster_BB,0,23,9,6,28311.5,34174.0,2,0.0,0,standard,cloud_marketplace,broker_platform,0,0,0,GPU_T1,GPU_T1,0,no_commitment,single_experiment,118.8,0,0,0,0,1,True
GPU_Cluster_BB,0,55,1,22,29411.6,149526.1,2,0.0,0,standard,cloud_marketplace,broker_platform,0,0,0,GPU_T1,GPU_T1,0,no_commitment,single_experiment,88.4,0,0,0,0,1,True
GPU_Cluster_AA,0,226,7,24,12846.7,29133.6,3,1.0,0,priority,cloud_marketplace,broker_platform,0,0,0,GPU_T8,GPU_T8,0,no_commitment,single_experiment,309.0,0,1,1,0,1,True
GPU_Cluster_BB,0,140,7,23,18273.7,24318.0,2,0.0,0,on_demand,cloud_marketplace,broker_platform,0,0,0,GPU_T1,GPU_T1,0,no_commitment,single_experiment,94.5,0,0,0,0,1,True
GPU_Cluster_AA,0,172,9,30,21252.8,53608.0,2,0.0,0,standard,cloud_marketplace,broker_platform,0,0,0,GPU_T4,GPU_T4,0,no_commitment,single_experiment,86.0,0,1,0,0,1,True
GPU_Cluster_BB,0,134,2,25,0.0,11822.2,1,0.0,0,standard,research_consortium,broker_platform,0,0,0,GPU_T1,GPU_T1,0,no_commitment,multi_run_experiment,75.0,0,0,0,0,1,True
GPU_Cluster_BB,0,90,6,10,13188.6,11205.8,2,0.0,0,on_demand,cloud_marketplace,broker_platform,0,0,0,GPU_T1,GPU_T1,0,no_commitment,single_experiment,100.8,0,0,0,0,1,True
GPU_Cluster_AA,0,143,4,29,26002.2,66892.1,2,0.0,0,standard,cloud_marketplace,broker_platform,0,0,0,GPU_T1,GPU_T1,0,no_commitment,single_experiment,52.2,0,3,0,0,1,True
GPU_Cluster_AA,0,208,6,21,30305.2,116212.8,2,0.0,0,standard,cloud_marketplace,broker_platform,0,0,0,GPU_T4,GPU_T4,0,no_commitment,single_experiment,85.5,0,1,0,0,1,True
GPU_Cluster_BB,0,152,8,20,23736.5,58995.8,2,1.0,0,standard,cloud_marketplace,broker_platform,0,0,0,GPU_T1,GPU_T1,0,no_commitment,single_experiment,148.5,0,2,1,0,1,True
GPU_Cluster_BB,0,88,8,14,0.0,34187.4,2,0.0,0,standard,cloud_marketplace,broker_platform,0,0,0,GPU_T1,GPU_T1,0,no_commitment,single_experiment,76.5,0,0,0,0,1,True
GPU_Cluster_BB,0,44,2,17,17650.2,44604.0,2,2.0,0,standard,cloud_marketplace,broker_platform,0,0,0,GPU_T6,GPU_T6,0,no_commitment,single_experiment,149.6,0,0,1,0,1,True
GPU_Cluster_AA,0,203,5,10,0.0,25470.2,2,0.0,0,standard,research_consortium,broker_platform,0,0,0,GPU_T1,GPU_T1,0,no_commitment,multi_run_experiment,46.0,0,0,0,0,1,True
GPU_Cluster_BB,0,53,3,16,9688.8,30095.6,2,0.0,0,standard,cloud_marketplace,broker_platform,0,0,0,GPU_T4,GPU_T4,0,no_commitment,single_experiment,100.3,0,0,0,0,1,True
GPU_Cluster_BB,0,99,5,26,0.0,68161.8,2,0.0,0,standard,cloud_marketplace,broker_platform,0,0,0,GPU_T4,GPU_T4,0,no_commitment,single_experiment,140.4,0,0,1,0,1,True
GPU_Cluster_BB,0,145,8,29,24933.1,12815.8,2,0.0,0,priority,managed_account,broker_platform,0,0,0,GPU_T1,GPU_T1,0,no_commitment,multi_run_experiment,94.5,0,0,0,0,1,True
GPU_Cluster_AA,0,18,3,22,0.0,24217.1,2,0.0,0,standard,cloud_marketplace,broker_platform,0,0,0,GPU_T1,GPU_T1,0,no_commitment,single_experiment,54.0,0,0,0,0,1,True
GPU_Cluster_BB,0,156,7,16,29465.6,0.0,2,0.0,0,on_demand,cloud_marketplace,broker_platform,0,0,0,GPU_T1,GPU_T1,0,no_commitment,single_experiment,89.1,0,0,0,0,1,True
GPU_Cluster_BB,0,41,3,14,0.0,47107.8,2,0.0,0,standard,cloud_marketplace,broker_platform,0,0,0,GPU_T4,GPU_T4,0,no_commitment,single_experiment,94.4,0,0,0,0,1,True
GPU_Cluster_BB,0,71,7,28,13973.4,22665.2,2,2.0,0,standard,cloud_marketplace,broker_platform,0,0,0,GPU_T6,GPU_T6,1,no_commitment,single_experiment,229.33,0,0,1,0,1,True
GPU_Cluster_BB,0,271,8,17,8080.4,31966.4,2,0.0,0,standard,cloud_marketplace,broker_platform,0,0,0,GPU_T1,GPU_T1,0,no_commitment,single_experiment,107.1,0,1,0,0,1,True
GPU_Cluster_AA,0,308,7,4,28708.9,99553.4,2,0.0,0,priority,cloud_marketplace,broker_platform,0,0,0,GPU_T1,GPU_T1,1,no_commitment,single_experiment,108.0,0,0,0,0,1,True
GPU_Cluster_BB,0,71,6,8,0.0,33123.1,3,0.0,0,standard,cloud_marketplace,broker_platform,0,0,0,GPU_T4,GPU_T4,0,no_commitment,single_experiment,159.6,0,0,1,0,1,True
GPU_Cluster_AA,0,41,11,2,44452.7,103153.0,2,0.0,0,standard,cloud_marketplace,broker_platform,0,0,0,GPU_T1,GPU_T1,0,no_commitment,single_experiment,37.8,0,0,0,0,1,True
GPU_Cluster_BB,0,55,9,6,31787.8,0.0,2,0.0,0,standard,research_consortium,broker_platform,0,0,0,GPU_T1,GPU_T1,0,no_commitment,multi_run_experiment,75.0,0,0,0,0,1,True
GPU_Cluster_BB,0,50,9,1,0.0,37427.0,2,0.0,0,standard,cloud_marketplace,broker_platform,0,0,0,GPU_T4,GPU_T4,0,no_commitment,single_experiment,98.64,0,0,0,0,1,True
GPU_Cluster_AA,0,121,7,22,40401.7,90269.4,2,2.0,0,standard,internal_research,api_direct,0,0,0,GPU_T3,GPU_T3,0,no_commitment,single_experiment,184.5,0,0,1,0,1,True
GPU_Cluster_AA,0,197,9,3,44525.0,115852.0,2,0.0,0,standard,cloud_marketplace,broker_platform,0,0,0,GPU_T1,GPU_T3,0,no_commitment,single_experiment,131.0,0,0,0,0,1,True
GPU_Cluster_BB,0,44,8,31,19695.0,36819.5,2,0.0,0,on_demand,cloud_marketplace,broker_platform,0,0,0,GPU_T1,GPU_T1,0,no_commitment,single_experiment,140.75,0,1,1,0,1,True
GPU_Cluster_BB,0,86,3,30,16144.6,49876.2,2,0.0,0,standard,cloud_marketplace,broker_platform,0,0,0,GPU_T1,GPU_T1,0,no_commitment,single_experiment,104.4,0,0,0,0,1,True
GPU_Cluster_BB,0,206,6,22,0.0,28970.1,2,0.0,0,standard,cloud_marketplace,api_direct,0,0,0,GPU_T1,GPU_T1,0,no_commitment,single_experiment,117.0,0,0,0,0,1,True
GPU_Cluster_BB,0,142,8,24,0.0,37283.1,2,0.0,0,standard,cloud_marketplace,broker_platform,0,0,0,GPU_T1,GPU_T1,2,no_commitment,single_experiment,99.3,0,0,0,0,1,True
GPU_Cluster_BB,0,74,4,24,17358.0,17837.3,3,0.0,0,standard,cloud_marketplace,broker_platform,0,0,0,GPU_T4,GPU_T4,0,no_commitment,single_experiment,171.0,0,0,1,0,1,True
GPU_Cluster_AA,0,59,4,10,9039.2,43009.8,2,0.0,0,standard,cloud_marketplace,broker_platform,0,0,0,GPU_T1,GPU_T1,0,no_commitment,single_experiment,79.0,0,1,0,0,1,True
GPU_Cluster_AA,0,126,5,21,35573.4,79841.3,2,0.0,0,standard,cloud_marketplace,broker_platform,0,0,0,GPU_T5,GPU_T5,0,no_commitment,single_experiment,90.0,0,2,0,0,1,True
GPU_Cluster_BB,0,69,10,25,54036.2,12490.9,2,0.0,0,standard,research_consortium,broker_platform,0,0,0,GPU_T1,GPU_T1,0,no_commitment,multi_run_experiment,85.67,0,0,0,0,1,True
GPU_Cluster_BB,0,185,8,1,25592.8,137121.1,3,1.0,0,standard,cloud_marketplace,broker_platform,0,0,0,GPU_T7,GPU_T7,0,no_commitment,single_experiment,207.33,0,1,1,0,1,True
GPU_Cluster_AA,0,115,7,25,75862.5,113816.3,2,0.0,0,standard,cloud_marketplace,broker_platform,0,0,0,GPU_T1,GPU_T1,0,no_commitment,single_experiment,120.6,0,2,0,0,1,True
GPU_Cluster_BB,0,261,10,1,17395.5,15251.6,2,0.0,0,priority,research_consortium,broker_platform,0,0,0,GPU_T1,GPU_T1,0,no_commitment,multi_run_experiment,96.0,0,0,0,0,1,True
GPU_Cluster_BB,0,88,3,27,14027.0,26635.7,2,0.0,0,on_demand,cloud_marketplace,broker_platform,0,0,0,GPU_T1,GPU_T1,0,no_commitment,single_experiment,63.36,0,0,0,0,1,True
GPU_Cluster_BB,0,68,9,12,44128.9,31123.3,2,0.0,0,standard,research_consortium,broker_platform,0,0,0,GPU_T1,GPU_T1,0,no_commitment,multi_run_experiment,62.0,0,0,0,0,1,True
GPU_Cluster_BB,0,228,10,30,19490.5,10319.5,2,0.0,0,standard,cloud_marketplace,broker_platform,0,0,0,GPU_T1,GPU_T1,0,no_commitment,single_experiment,93.3,0,0,0,0,1,True
GPU_Cluster_BB,0,55,9,6,23741.1,0.0,2,0.0,0,standard,research_consortium,broker_platform,0,0,0,GPU_T1,GPU_T1,0,no_commitment,multi_run_experiment,75.0,0,0,0,0,1,True
GPU_Cluster_AA,0,187,7,3,21983.7,69844.7,2,0.0,0,priority,cloud_marketplace,broker_platform,0,0,0,GPU_T1,GPU_T1,0,no_commitment,single_experiment,140.0,0,1,1,0,1,True
GPU_Cluster_BB,0,192,4,30,43495.7,0.0,2,0.0,0,standard,cloud_marketplace,broker_platform,0,0,0,GPU_T1,GPU_T2,1,no_commitment,multi_run_experiment,117.0,0,0,0,0,1,True
GPU_Cluster_BB,0,28,4,24,9672.3,52461.5,2,2.0,0,standard,cloud_marketplace,broker_platform,0,0,0,GPU_T6,GPU_T6,0,no_commitment,single_experiment,224.0,0,0,1,0,1,True
GPU_Cluster_BB,0,75,3,15,0.0,30331.2,2,0.0,0,on_demand,cloud_marketplace,broker_platform,0,0,0,GPU_T1,GPU_T1,0,no_commitment,single_experiment,67.5,0,0,0,0,1,True
GPU_Cluster_BB,0,170,4,27,0.0,63969.1,2,0.0,0,standard,cloud_marketplace,broker_platform,0,0,0,GPU_T4,GPU_T4,0,no_commitment,single_experiment,130.5,0,0,0,0,1,True
GPU_Cluster_BB,0,3,2,4,33511.7,63080.5,2,0.0,0,on_demand,cloud_marketplace,broker_platform,0,0,0,GPU_T1,GPU_T1,0,no_commitment,single_experiment,74.8,0,0,0,0,1,True
GPU_Cluster_AA,0,63,4,6,0.0,31447.9,2,0.0,0,standard,cloud_marketplace,broker_platform,0,0,0,GPU_T1,GPU_T1,0,no_commitment,single_experiment,60.0,0,2,0,0,1,True
GPU_Cluster_AA,0,174,7,17,14892.7,38505.0,2,0.0,0,standard,cloud_marketplace,broker_platform,0,0,0,GPU_T5,GPU_T5,0,no_commitment,single_experiment,190.0,0,3,1,0,1,True
GPU_Cluster_BB,0,250,7,25,0.0,63038.4,3,0.0,0,standard,cloud_marketplace,broker_platform,0,0,0,GPU_T1,GPU_T1,0,no_commitment,single_experiment,115.42,0,0,0,0,1,True
GPU_Cluster_BB,0,17,12,16,0.0,38111.2,2,0.0,0,on_demand,cloud_marketplace,broker_platform,0,0,0,GPU_T1,GPU_T1,0,no_commitment,single_experiment,88.0,0,0,0,0,1,True
GPU_Cluster_AA,0,194,8,14,30915.7,46590.5,2,2.0,0,priority,cloud_marketplace,broker_platform,0,0,0,GPU_T3,GPU_T3,0,no_commitment,single_experiment,218.63,0,1,1,0,1,True
GPU_Cluster_BB,0,110,5,19,0.0,18925.0,1,0.0,0,standard,cloud_marketplace,broker_platform,0,0,0,GPU_T5,GPU_T5,2,no_commitment,single_experiment,180.0,0,0,1,0,1,True
GPU_Cluster_AA,0,294,6,21,0.0,47890.7,2,0.0,0,standard,cloud_marketplace,broker_platform,0,0,0,GPU_T1,GPU_T1,0,no_commitment,single_experiment,76.8,0,1,0,0,1,True
GPU_Cluster_BB,0,139,3,22,46554.3,77159.5,2,0.0,0,on_demand,cloud_marketplace,broker_platform,0,0,0,GPU_T1,GPU_T1,2,no_commitment,single_experiment,70.4,0,0,0,0,1,True
GPU_Cluster_BB,0,17,11,6,20042.0,23678.8,2,0.0,0,on_demand,cloud_marketplace,broker_platform,0,0,0,GPU_T1,GPU_T1,0,no_commitment,single_experiment,142.54,0,0,1,0,1,True
GPU_Cluster_BB,0,216,6,30,15604.1,35985.2,2,0.0,0,standard,cloud_marketplace,broker_platform,0,0,0,GPU_T1,GPU_T1,0,no_commitment,single_experiment,110.4,0,0,0,0,1,True
GPU_Cluster_AA,0,254,9,12,34907.2,16981.8,2,0.0,0,standard,research_consortium,broker_platform,0,0,0,GPU_T1,GPU_T1,0,no_commitment,multi_run_experiment,0.0,0,0,0,0,1,True
GPU_Cluster_BB,0,128,3,18,8605.8,26916.3,2,0.0,0,standard,cloud_marketplace,broker_platform,0,0,0,GPU_T1,GPU_T1,0,no_commitment,single_experiment,67.22,0,0,0,0,1,True
GPU_Cluster_AA,0,141,7,10,57533.5,98242.9,2,2.0,0,priority,cloud_marketplace,broker_platform,0,0,0,GPU_T3,GPU_T3,0,no_commitment,single_experiment,247.09,0,2,1,0,1,True
GPU_Cluster_AA,0,75,4,15,28037.4,32004.3,2,0.0,0,standard,cloud_marketplace,broker_platform,0,0,0,GPU_T1,GPU_T1,0,no_commitment,single_experiment,46.2,0,0,0,0,1,True
GPU_Cluster_BB,0,18,7,28,26244.6,23835.6,2,0.0,0,standard,cloud_marketplace,broker_platform,0,0,0,GPU_T1,GPU_T1,0,no_commitment,single_experiment,128.74,0,0,0,0,1,True
GPU_Cluster_AA,0,37,8,10,0.0,85935.4,3,0.0,0,standard,cloud_marketplace,broker_platform,0,0,0,GPU_T1,GPU_T1,0,no_commitment,single_experiment,187.88,0,1,1,0,1,True
GPU_Cluster_BB,0,324,4,29,38329.5,19639.6,3,0.0,0,standard,cloud_marketplace,broker_platform,0,0,0,GPU_T4,GPU_T4,0,no_commitment,single_experiment,142.2,0,2,1,0,1,True
GPU_Cluster_AA,0,280,8,15,0.0,62975.2,3,0.0,0,priority,cloud_marketplace,broker_platform,0,0,0,GPU_T1,GPU_T1,0,no_commitment,single_experiment,147.0,0,3,1,0,1,True
GPU_Cluster_AA,0,257,5,25,0.0,21252.0,2,2.0,0,standard,cloud_marketplace,broker_platform,0,0,0,GPU_T7,GPU_T7,0,no_commitment,single_experiment,101.7,0,0,0,0,1,True
GPU_Cluster_BB,0,35,2,11,16795.0,79938.2,2,0.0,0,standard,cloud_marketplace,broker_platform,0,0,0,GPU_T1,GPU_T1,0,no_commitment,single_experiment,61.16,0,0,0,0,1,True
GPU_Cluster_BB,0,31,8,28,33559.5,0.0,2,0.0,0,on_demand,cloud_marketplace,broker_platform,0,0,0,GPU_T1,GPU_T1,0,no_commitment,single_experiment,103.05,0,0,0,0,1,True
GPU_Cluster_BB,0,103,5,4,0.0,54566.7,2,0.0,0,standard,managed_account,broker_platform,0,0,0,GPU_T1,GPU_T1,0,no_commitment,multi_run_experiment,80.0,0,0,0,0,1,True
GPU_Cluster_BB,0,349,10,4,10763.2,58313.1,1,0.0,0,standard,managed_account,broker_platform,0,0,0,GPU_T1,GPU_T1,0,no_commitment,multi_run_experiment,96.67,0,0,0,0,1,True
GPU_Cluster_BB,0,237,10,13,10626.7,29419.5,3,0.0,0,standard,cloud_marketplace,broker_platform,0,0,0,GPU_T4,GPU_T4,0,no_commitment,single_experiment,134.73,0,0,0,0,1,True
GPU_Cluster_BB,0,164,10,2,0.0,42791.5,1,0.0,0,standard,managed_account,broker_platform,0,0,0,GPU_T1,GPU_T1,0,no_commitment,multi_run_experiment,100.0,0,0,0,0,1,True
GPU_Cluster_AA,0,63,6,12,35960.6,47880.0,2,0.0,0,standard,cloud_marketplace,broker_platform,0,0,0,GPU_T1,GPU_T1,0,no_commitment,single_experiment,119.0,0,1,0,0,1,True
GPU_Cluster_AA,0,76,5,28,67724.8,49976.9,2,0.0,0,priority,cloud_marketplace,broker_platform,0,0,0,GPU_T5,GPU_T5,1,no_commitment,single_experiment,140.8,0,0,1,0,1,True
GPU_Cluster_AA,0,26,8,22,28327.5,68438.4,2,0.0,0,standard,cloud_marketplace,broker_platform,0,0,0,GPU_T5,GPU_T5,0,no_commitment,single_experiment,238.14,0,3,1,0,1,True
GPU_Cluster_BB,0,256,5,2,0.0,13996.9,2,0.0,0,on_demand,cloud_marketplace,broker_platform,0,0,0,GPU_T1,GPU_T1,0,no_commitment,single_experiment,110.0,0,1,0,0,1,True
GPU_Cluster_AA,0,89,9,6,21049.9,118453.5,2,0.0,0,standard,cloud_marketplace,broker_platform,0,0,0,GPU_T4,GPU_T4,0,no_commitment,single_experiment,99.18,0,0,0,0,1,True
GPU_Cluster_AA,0,46,7,13,10329.0,28091.1,2,2.0,0,standard,cloud_marketplace,broker_platform,0,0,0,GPU_T8,GPU_T8,1,no_commitment,single_experiment,285.0,0,0,1,0,1,True
GPU_Cluster_AA,0,64,8,13,38212.4,116299.9,2,0.0,0,priority,cloud_marketplace,broker_platform,0,0,0,GPU_T4,GPU_T4,0,no_commitment,single_experiment,241.0,0,0,1,0,1,True
GPU_Cluster_BB,0,34,3,4,14514.2,11200.9,2,0.0,0,standard,cloud_marketplace,broker_platform,0,0,0,GPU_T4,GPU_T4,0,no_commitment,single_experiment,118.0,0,0,0,0,1,True
GPU_Cluster_BB,0,24,8,31,0.0,48165.2,2,0.0,0,on_demand,cloud_marketplace,broker_platform,0,0,0,GPU_T1,GPU_T1,0,no_commitment,single_experiment,110.0,0,0,0,0,1,True
GPU_Cluster_BB,0,168,8,20,36813.9,28168.2,2,0.0,0,on_demand,cloud_marketplace,broker_platform,0,0,0,GPU_T1,GPU_T1,0,no_commitment,single_experiment,112.5,0,2,0,0,1,True
GPU_Cluster_BB,0,109,3,7,0.0,29562.6,2,0.0,0,on_demand,cloud_marketplace,broker_platform,0,0,0,GPU_T1,GPU_T1,0,no_commitment,single_experiment,63.36,0,0,0,0,1,True
GPU_Cluster_BB,0,34,4,16,30634.3,26800.9,2,0.0,0,standard,cloud_marketplace,broker_platform,0,0,0,GPU_T1,GPU_T1,0,no_commitment,single_experiment,115.2,0,0,0,0,1,True
GPU_Cluster_AA,0,20,6,22,9781.0,64700.0,2,0.0,0,standard,cloud_marketplace,broker_platform,0,0,0,GPU_T1,GPU_T1,0,no_commitment,single_experiment,140.0,0,1,1,0,1,True
GPU_Cluster_BB,0,180,8,28,24375.2,0.0,2,0.0,0,standard,cloud_marketplace,broker_platform,0,0,0,GPU_T1,GPU_T1,0,no_commitment,single_experiment,96.3,0,0,0,0,1,True
GPU_Cluster_AA,0,74,5,28,35530.9,34853.5,3,0.0,0,priority,cloud_marketplace,broker_platform,0,0,0,GPU_T4,GPU_T4,2,no_commitment,single_experiment,130.29,0,0,0,0,1,True
