datacenter,canceled_job,hours_before_execution,request_month,request_week,request_day,peak_gpu_hours,offpeak_gpu_hours,num_primary_processes,num_auxiliary_processes,num_background_processes,service_tier,client_type,request_channel,returning_client,previous_job_cancellations,successful_previous_jobs,reserved_gpu_type,assigned_gpu_type,resource_modifications,reservation_commitment,queue_wait_time,workload_profile,estimated_cost_per_hour,reserved_storage_units,special_resource_requests,total_gpu_hours,total_processes,high_value_client
GPU_Cluster_AA,0,4,6,26,26,16219.5,42019.0,1,0.0,0,standard,internal_research,broker_platform,1,0,1,GPU_T1,GPU_T1,0,no_commitment,0,team_project,82.0,1,0,58238.5,1.0,0
GPU_Cluster_BB,0,1,6,26,27,0.0,17011.7,2,0.0,0,standard,internal_research,api_direct,0,0,0,GPU_T4,GPU_T4,0,no_commitment,0,single_experiment,184.0,1,2,17011.7,2.0,1
GPU_Cluster_AA,0,1,4,16,16,0.0,9376.5,2,0.0,0,standard,internal_research,broker_platform,0,0,0,GPU_T5,GPU_T5,0,no_commitment,0,single_experiment,95.0,0,2,9376.5,2.0,0
GPU_Cluster_AA,0,0,4,16,13,0.0,29270.4,1,0.0,0,standard,internal_research,api_direct,0,0,0,GPU_T7,GPU_T7,1,no_commitment,0,team_project,62.75,0,0,29270.4,1.0,0
GPU_Cluster_BB,0,52,4,18,30,46377.0,40544.4,0,0.0,0,on_demand,internal_research,api_direct,0,0,0,GPU_T5,GPU_T10,2,no_commitment,0,multi_run_experiment,136.46,0,1,86921.4,0.0,1
GPU_Cluster_BB,0,80,7,30,29,0.0,13170.5,2,0.0,0,standard,internal_research,api_direct,0,0,0,GPU_T1,GPU_T1,0,no_commitment,0,single_experiment,108.0,0,1,13170.5,2.0,0
GPU_Cluster_BB,0,217,8,35,28,16640.5,65874.4,2,0.0,0,standard,internal_research,api_direct,0,0,0,GPU_T1,GPU_T1,0,no_commitment,0,single_experiment,99.0,0,0,82514.9,2.0,0
GPU_Cluster_BB,0,1,1,4,20,0.0,16919.1,2,0.0,0,standard,internal_research,api_direct,0,0,0,GPU_T1,GPU_T1,0,no_commitment,0,single_experiment,91.0,0,1,16919.1,2.0,0
GPU_Cluster_AA,0,94,4,18,29,22522.8,52982.5,2,0.0,0,standard,internal_research,api_direct,0,0,0,GPU_T5,GPU_T5,0,no_commitment,0,single_experiment,85.0,0,0,75505.3,2.0,0
GPU_Cluster_AA,0,1,2,7,18,0.0,12357.7,2,0.0,0,standard,internal_research,broker_platform,0,0,3,GPU_T4,GPU_T4,0,no_commitment,0,single_experiment,61.2,0,2,12357.7,2.0,0
GPU_Cluster_BB,1,255,7,26,1,40260.6,10841.9,2,1.0,0,standard,internal_research,api_direct,0,0,0,GPU_T1,GPU_T1,0,no_commitment,0,single_experiment,102.1,0,0,51102.5,3.0,0
GPU_Cluster_BB,1,147,8,34,21,11980.0,15300.2,2,0.0,0,standard,internal_research,api_direct,0,0,0,GPU_T1,GPU_T1,2,no_commitment,0,single_experiment,101.88,0,0,27280.2,2.0,0
GPU_Cluster_AA,0,78,9,37,6,29022.7,46801.6,3,0.0,0,priority,internal_research,api_direct,0,0,0,GPU_T8,GPU_T8,0,no_commitment,0,single_experiment,208.14,1,1,75824.3,3.0,1
GPU_Cluster_AA,0,0,11,47,17,0.0,30285.0,2,0.0,0,standard,internal_research,api_direct,0,0,0,GPU_T1,GPU_T4,0,no_commitment,0,single_experiment,66.0,1,0,30285.0,2.0,0
GPU_Cluster_BB,0,150,7,29,18,0.0,36234.9,2,0.0,0,standard,internal_research,api_direct,0,0,0,GPU_T1,GPU_T1,0,no_commitment,0,single_experiment,89.1,0,2,36234.9,2.0,0
GPU_Cluster_AA,0,113,2,8,22,32393.7,60372.2,2,0.0,0,standard,internal_research,api_direct,0,0,0,GPU_T6,GPU_T6,0,no_commitment,0,single_experiment,60.3,0,1,92765.9,2.0,0
GPU_Cluster_AA,0,36,2,5,4,23579.2,20393.5,2,0.0,0,standard,internal_research,api_direct,0,0,0,GPU_T1,GPU_T1,0,no_commitment,0,multi_run_experiment,39.6,0,3,43972.7,2.0,0
GPU_Cluster_AA,0,0,12,51,16,0.0,9939.5,2,0.0,0,standard,internal_research,api_direct,1,0,1,GPU_T5,GPU_T5,0,no_commitment,0,single_experiment,50.0,0,2,9939.5,2.0,0
GPU_Cluster_BB,0,163,7,26,1,12823.2,8227.9,2,0.0,0,standard,internal_research,api_direct,0,0,0,GPU_T1,GPU_T1,0,no_commitment,0,single_experiment,89.1,0,1,21051.1,2.0,0
GPU_Cluster_BB,0,92,5,21,18,0.0,19717.6,2,0.0,0,standard,internal_research,api_direct,0,0,0,GPU_T1,GPU_T1,0,no_commitment,0,single_experiment,116.1,0,0,19717.6,2.0,0
GPU_Cluster_BB,0,49,7,30,23,25616.1,0.0,2,1.0,0,standard,internal_research,api_direct,0,0,0,GPU_T4,GPU_T4,0,no_commitment,0,single_experiment,168.5,0,1,25616.1,3.0,1
GPU_Cluster_AA,0,0,5,21,21,16430.9,0.0,2,1.0,0,standard,internal_research,api_direct,0,0,0,GPU_T1,GPU_T1,0,no_commitment,0,single_experiment,93.0,0,0,16430.9,3.0,0
GPU_Cluster_BB,1,112,8,33,8,17403.4,32629.5,3,1.0,0,standard,internal_research,api_direct,0,0,0,GPU_T5,GPU_T5,0,no_commitment,0,single_experiment,176.7,0,3,50032.9,4.0,1
GPU_Cluster_BB,0,125,8,35,25,38085.1,159048.1,0,0.0,0,on_demand,internal_research,api_direct,0,0,0,GPU_T1,GPU_T10,4,no_commitment,0,multi_run_experiment,0.0,0,1,197133.2,0.0,0
GPU_Cluster_BB,1,23,10,45,30,14369.4,0.0,2,0.0,0,standard,internal_research,api_direct,0,0,0,GPU_T1,GPU_T1,0,no_commitment,0,single_experiment,130.0,0,0,14369.4,2.0,0
GPU_Cluster_AA,0,42,9,38,16,0.0,20379.2,2,0.0,0,standard,internal_research,api_direct,0,0,0,GPU_T1,GPU_T1,0,no_commitment,0,single_experiment,74.0,0,0,20379.2,2.0,0
GPU_Cluster_BB,0,27,1,4,19,14388.1,64932.9,1,0.0,0,standard,internal_research,api_direct,0,0,0,GPU_T5,GPU_T5,0,no_commitment,0,single_experiment,122.0,0,0,79321.0,1.0,0
GPU_Cluster_BB,0,1,12,53,27,0.0,29830.4,2,0.0,0,on_demand,internal_research,api_direct,0,0,0,GPU_T1,GPU_T2,0,no_commitment,0,single_experiment,97.0,0,0,29830.4,2.0,0
GPU_Cluster_AA,0,42,9,39,23,16004.2,64037.5,2,0.0,0,standard,internal_research,api_direct,0,0,0,GPU_T1,GPU_T3,0,no_commitment,0,single_experiment,89.0,0,0,80041.7,2.0,0
GPU_Cluster_AA,0,128,7,28,7,22143.3,89773.4,2,0.0,0,priority,internal_research,api_direct,1,1,7,GPU_T5,GPU_T5,1,no_commitment,0,single_experiment,112.5,1,4,111916.7,2.0,0
GPU_Cluster_BB,1,75,3,11,12,0.0,10648.2,2,0.0,0,standard,internal_research,api_direct,0,0,0,GPU_T1,GPU_T1,2,no_commitment,0,single_experiment,71.1,0,1,10648.2,2.0,0
GPU_Cluster_BB,0,0,9,37,12,16466.3,36772.7,1,0.0,0,standard,internal_research,api_direct,0,0,0,GPU_T1,GPU_T1,0,no_commitment,0,team_project,114.0,0,0,53239.0,1.0,0
GPU_Cluster_BB,0,5,4,14,5,0.0,24307.2,2,0.0,0,standard,internal_research,api_direct,0,0,0,GPU_T1,GPU_T1,0,no_commitment,0,single_experiment,95.0,0,0,24307.2,2.0,0
GPU_Cluster_AA,0,1,12,50,8,0.0,0.0,2,0.0,0,standard,internal_research,api_direct,1,0,0,GPU_T1,GPU_T5,0,no_commitment,0,single_experiment,0.0,1,0,0.0,2.0,0
GPU_Cluster_AA,0,4,11,47,13,36946.2,38467.1,1,0.0,0,standard,internal_research,api_direct,0,0,0,GPU_T1,GPU_T1,0,no_commitment,0,single_experiment,27.0,0,0,75413.3,1.0,0
GPU_Cluster_BB,0,111,8,34,20,41322.3,72737.4,2,0.0,0,standard,internal_research,api_direct,0,0,0,GPU_T1,GPU_T1,1,no_commitment,0,single_experiment,160.0,0,2,114059.7,2.0,1
GPU_Cluster_BB,1,9,5,18,3,0.0,17466.0,2,0.0,0,on_demand,internal_research,api_direct,0,0,0,GPU_T1,GPU_T1,4,no_commitment,0,single_experiment,150.0,0,0,17466.0,2.0,1
GPU_Cluster_BB,1,43,2,9,26,35809.0,32931.2,2,0.0,0,standard,internal_research,api_direct,0,0,0,GPU_T1,GPU_T1,0,no_commitment,0,single_experiment,73.8,0,0,68740.2,2.0,0
GPU_Cluster_BB,0,7,2,7,17,0.0,29223.1,2,0.0,0,standard,internal_research,api_direct,0,0,0,GPU_T1,GPU_T1,1,no_commitment,0,single_experiment,103.6,0,3,29223.1,2.0,0
GPU_Cluster_AA,1,157,8,34,22,0.0,38953.9,2,0.0,0,standard,internal_research,api_direct,0,0,0,GPU_T6,GPU_T6,0,no_commitment,0,single_experiment,237.5,0,0,38953.9,2.0,1
GPU_Cluster_AA,0,0,3,11,9,0.0,37171.4,1,0.0,0,standard,internal_research,api_direct,0,0,0,GPU_T1,GPU_T4,0,no_commitment,0,single_experiment,40.0,0,0,37171.4,1.0,0
GPU_Cluster_AA,0,40,5,19,7,0.0,13660.0,2,0.0,0,standard,internal_research,api_direct,0,0,0,GPU_T5,GPU_T5,0,no_commitment,0,single_experiment,85.0,0,1,13660.0,2.0,0
GPU_Cluster_BB,0,118,6,23,8,0.0,32363.6,2,0.0,0,standard,internal_research,api_direct,0,0,0,GPU_T1,GPU_T1,1,no_commitment,0,single_experiment,126.0,0,1,32363.6,2.0,0
GPU_Cluster_AA,0,23,2,6,11,0.0,21884.1,2,0.0,0,standard,internal_research,api_direct,0,0,0,GPU_T4,GPU_T4,0,no_commitment,0,single_experiment,103.0,0,3,21884.1,2.0,0
GPU_Cluster_BB,0,122,8,32,10,0.0,39291.0,2,0.0,0,standard,internal_research,api_direct,0,0,0,GPU_T1,GPU_T1,0,no_commitment,0,single_experiment,112.5,0,1,39291.0,2.0,0
GPU_Cluster_BB,0,162,8,35,26,25087.6,63246.3,2,0.0,0,standard,internal_research,api_direct,0,0,0,GPU_T2,GPU_T2,1,no_commitment,0,multi_run_experiment,92.7,1,1,88333.9,2.0,0
GPU_Cluster_BB,0,134,11,47,13,40914.8,27643.7,2,0.0,0,standard,internal_research,api_direct,0,0,0,GPU_T1,GPU_T1,0,no_commitment,0,single_experiment,79.2,0,2,68558.5,2.0,0
GPU_Cluster_AA,0,0,7,31,31,0.0,12204.1,2,2.0,0,standard,internal_research,api_direct,0,0,0,GPU_T6,GPU_T6,0,no_commitment,0,single_experiment,188.0,0,0,12204.1,4.0,1
GPU_Cluster_AA,1,302,9,37,8,0.0,43077.4,2,0.0,0,standard,internal_research,broker_platform,0,0,0,GPU_T1,GPU_T1,0,no_commitment,0,single_experiment,84.47,0,0,43077.4,2.0,0
GPU_Cluster_BB,0,60,10,44,25,37900.5,68519.6,2,0.0,0,standard,internal_research,api_direct,0,0,0,GPU_T2,GPU_T2,0,no_commitment,0,multi_run_experiment,85.43,0,1,106420.1,2.0,0
GPU_Cluster_BB,0,0,1,5,29,0.0,15056.0,2,0.0,0,standard,internal_research,api_direct,0,0,0,GPU_T4,GPU_T4,0,no_commitment,0,single_experiment,95.0,0,0,15056.0,2.0,0
GPU_Cluster_BB,0,4,7,28,7,0.0,36810.3,2,0.0,0,standard,internal_research,api_direct,0,0,0,GPU_T1,GPU_T1,0,no_commitment,0,single_experiment,149.0,0,2,36810.3,2.0,1
GPU_Cluster_BB,0,14,6,23,2,0.0,12980.0,1,0.0,0,standard,internal_research,api_direct,0,0,0,GPU_T4,GPU_T6,0,no_commitment,0,single_experiment,120.7,0,0,12980.0,1.0,0
GPU_Cluster_BB,0,139,6,25,19,11062.8,54796.6,2,0.0,0,standard,internal_research,api_direct,0,0,0,GPU_T1,GPU_T1,0,no_commitment,0,single_experiment,96.25,0,1,65859.4,2.0,0
GPU_Cluster_BB,0,6,10,41,5,13014.3,40443.2,2,0.0,0,standard,internal_research,api_direct,0,0,0,GPU_T1,GPU_T4,3,no_commitment,0,single_experiment,133.0,0,2,53457.5,2.0,0
GPU_Cluster_BB,1,0,8,34,17,15094.0,0.0,1,0.0,0,standard,internal_research,api_direct,0,0,0,GPU_T1,GPU_T1,0,no_commitment,0,single_experiment,114.0,0,0,15094.0,1.0,0
GPU_Cluster_BB,0,0,2,9,26,0.0,20051.5,2,0.0,0,standard,internal_research,api_direct,0,0,0,GPU_T1,GPU_T1,0,no_commitment,0,single_experiment,89.0,0,0,20051.5,2.0,0
GPU_Cluster_AA,0,29,4,16,19,0.0,23661.2,2,0.0,0,standard,internal_research,api_direct,0,0,0,GPU_T1,GPU_T1,0,no_commitment,0,single_experiment,92.0,1,1,23661.2,2.0,0
GPU_Cluster_AA,0,0,11,47,15,10917.4,0.0,2,0.0,0,standard,internal_research,api_direct,0,0,0,GPU_T4,GPU_T4,0,no_commitment,0,single_experiment,59.0,1,0,10917.4,2.0,0
GPU_Cluster_BB,0,1,8,34,20,0.0,26151.7,2,0.0,0,standard,internal_research,api_direct,0,0,0,GPU_T1,GPU_T1,0,no_commitment,0,single_experiment,75.0,0,2,26151.7,2.0,0
GPU_Cluster_AA,0,10,2,8,24,0.0,29942.8,2,0.0,0,standard,internal_research,api_direct,0,0,0,GPU_T1,GPU_T1,0,no_commitment,0,single_experiment,60.0,0,0,29942.8,2.0,0
GPU_Cluster_AA,0,8,9,37,9,0.0,8731.2,3,0.0,0,standard,internal_research,api_direct,1,0,1,GPU_T7,GPU_T7,0,no_commitment,0,single_experiment,153.0,1,2,8731.2,3.0,1
GPU_Cluster_AA,0,0,8,32,4,0.0,18634.5,2,0.0,0,standard,internal_research,api_direct,0,0,0,GPU_T1,GPU_T3,0,no_commitment,0,single_experiment,172.0,0,0,18634.5,2.0,1
GPU_Cluster_AA,0,7,11,48,21,28346.0,73484.4,2,0.0,0,priority,internal_research,api_direct,0,0,0,GPU_T4,GPU_T4,1,no_commitment,0,single_experiment,86.0,0,0,101830.4,2.0,0
GPU_Cluster_AA,1,247,8,32,4,0.0,39567.3,2,0.0,0,standard,internal_research,api_direct,0,0,0,GPU_T1,GPU_T1,0,no_commitment,0,single_experiment,119.0,0,0,39567.3,2.0,0
GPU_Cluster_AA,1,52,7,30,29,18550.7,21318.1,2,1.0,0,standard,internal_research,api_direct,0,0,0,GPU_T4,GPU_T4,0,no_commitment,0,single_experiment,237.5,0,0,39868.8,3.0,1
GPU_Cluster_BB,1,67,10,42,11,0.0,25956.1,2,0.0,0,standard,internal_research,api_direct,0,0,0,GPU_T1,GPU_T1,0,no_commitment,0,multi_run_experiment,99.71,0,0,25956.1,2.0,0
GPU_Cluster_BB,1,21,2,7,14,0.0,22729.0,2,0.0,0,priority,internal_research,api_direct,0,0,0,GPU_T4,GPU_T4,1,no_commitment,0,single_experiment,153.0,0,2,22729.0,2.0,1
GPU_Cluster_AA,0,6,2,7,13,17733.2,118172.7,2,0.0,0,standard,internal_research,api_direct,0,0,0,GPU_T6,GPU_T6,0,no_commitment,0,single_experiment,85.0,0,0,135905.9,2.0,0
GPU_Cluster_BB,1,13,9,39,19,16413.5,12781.3,2,0.0,0,standard,internal_research,api_direct,0,0,0,GPU_T1,GPU_T1,0,no_commitment,0,single_experiment,134.0,0,1,29194.8,2.0,0
GPU_Cluster_BB,0,0,5,21,23,0.0,50853.1,2,0.0,0,standard,internal_research,api_direct,0,0,0,GPU_T1,GPU_T1,2,no_commitment,0,single_experiment,180.0,0,0,50853.1,2.0,1
GPU_Cluster_BB,0,0,6,26,19,15403.2,0.0,2,0.0,1,priority,internal_research,api_direct,0,0,0,GPU_T1,GPU_T6,1,no_commitment,0,single_experiment,199.0,0,0,15403.2,3.0,1
GPU_Cluster_AA,0,1,7,30,23,19457.9,0.0,2,0.0,0,standard,internal_research,api_direct,0,0,0,GPU_T1,GPU_T1,0,no_commitment,0,single_experiment,170.0,0,0,19457.9,2.0,1
GPU_Cluster_BB,0,12,8,34,18,0.0,20703.3,3,0.0,0,standard,internal_research,api_direct,0,0,0,GPU_T4,GPU_T4,0,no_commitment,0,single_experiment,110.0,0,2,20703.3,3.0,0
GPU_Cluster_AA,0,1,6,26,25,23585.2,12202.9,2,0.0,0,standard,internal_research,api_direct,0,0,0,GPU_T1,GPU_T1,0,no_commitment,0,single_experiment,129.0,0,1,35788.1,2.0,0
GPU_Cluster_AA,0,0,8,36,29,5997.7,64894.6,2,0.0,0,standard,internal_research,api_direct,0,0,0,GPU_T1,GPU_T3,0,no_commitment,0,single_experiment,170.25,0,0,70892.3,2.0,1
GPU_Cluster_BB,0,0,9,37,10,0.0,16246.3,2,0.0,0,standard,internal_research,api_direct,0,0,0,GPU_T1,GPU_T4,0,no_commitment,0,single_experiment,114.0,0,0,16246.3,2.0,0
GPU_Cluster_BB,0,11,7,29,14,0.0,38101.0,2,1.0,0,standard,internal_research,api_direct,0,0,0,GPU_T1,GPU_T1,0,no_commitment,0,single_experiment,164.0,0,1,38101.0,3.0,1
GPU_Cluster_BB,0,10,10,42,13,23838.4,51380.6,3,0.0,0,on_demand,internal_research,api_direct,0,0,0,GPU_T1,GPU_T4,1,no_commitment,0,single_experiment,149.0,0,1,75219.0,3.0,1
GPU_Cluster_AA,0,92,4,17,21,14747.5,23422.2,2,0.0,0,standard,internal_research,api_direct,0,0,0,GPU_T5,GPU_T5,0,no_commitment,0,single_experiment,74.8,0,0,38169.7,2.0,0
GPU_Cluster_AA,0,0,1,2,3,28667.5,0.0,2,0.0,0,standard,internal_research,api_direct,0,0,0,GPU_T1,GPU_T1,0,no_commitment,0,team_project,43.0,0,0,28667.5,2.0,0
GPU_Cluster_BB,1,105,5,19,7,22367.2,56300.9,2,0.0,0,priority,internal_research,api_direct,0,0,0,GPU_T5,GPU_T5,1,no_commitment,0,single_experiment,216.33,0,1,78668.1,2.0,1
GPU_Cluster_BB,0,18,8,34,22,0.0,8160.6,2,0.0,0,standard,internal_research,api_direct,0,0,0,GPU_T1,GPU_T1,0,no_commitment,0,single_experiment,75.0,0,1,8160.6,2.0,0
GPU_Cluster_BB,1,278,1,3,16,17773.1,0.0,2,0.0,0,standard,internal_research,api_direct,0,0,0,GPU_T1,GPU_T1,0,no_commitment,0,single_experiment,67.15,0,0,17773.1,2.0,0
GPU_Cluster_BB,0,4,10,42,11,34751.1,15246.2,2,0.0,0,standard,internal_research,api_direct,0,0,0,GPU_T1,GPU_T1,1,no_commitment,0,single_experiment,114.0,0,1,49997.3,2.0,0
GPU_Cluster_BB,0,27,9,39,20,62105.1,41687.2,2,0.0,0,standard,internal_research,api_direct,0,0,0,GPU_T1,GPU_T1,0,no_commitment,0,single_experiment,152.5,0,0,103792.3,2.0,1
GPU_Cluster_AA,0,20,9,38,16,16629.8,15971.8,2,0.0,0,priority,internal_research,api_direct,1,0,2,GPU_T6,GPU_T6,0,no_commitment,0,single_experiment,199.0,1,1,32601.6,2.0,1
GPU_Cluster_BB,1,270,5,21,24,0.0,66139.8,2,0.0,0,standard,internal_research,api_direct,0,0,0,GPU_T4,GPU_T4,0,no_commitment,0,single_experiment,127.75,0,0,66139.8,2.0,0
GPU_Cluster_AA,0,207,7,28,15,35511.5,103779.3,2,1.0,0,priority,internal_research,api_direct,0,0,0,GPU_T3,GPU_T3,1,no_commitment,0,single_experiment,209.85,0,3,139290.8,3.0,1
GPU_Cluster_BB,0,33,6,23,5,18259.1,85081.4,2,0.0,0,standard,internal_research,api_direct,0,0,0,GPU_T1,GPU_T1,0,no_commitment,0,single_experiment,141.67,0,1,103340.5,2.0,1
GPU_Cluster_AA,0,0,4,15,6,0.0,16594.0,1,0.0,0,standard,internal_research,api_direct,0,0,0,GPU_T1,GPU_T1,0,no_commitment,0,single_experiment,56.0,0,0,16594.0,1.0,0
GPU_Cluster_BB,0,1,11,47,19,0.0,9364.4,1,0.0,0,standard,internal_research,api_direct,0,0,0,GPU_T1,GPU_T1,0,no_commitment,0,single_experiment,110.0,0,1,9364.4,1.0,0
GPU_Cluster_BB,0,83,10,42,13,16175.1,33700.3,1,0.0,0,standard,internal_research,api_direct,0,0,0,GPU_T5,GPU_T5,0,no_commitment,0,single_experiment,152.78,0,0,49875.4,1.0,1
GPU_Cluster_AA,0,29,3,13,29,0.0,53560.1,2,0.0,0,standard,internal_research,api_direct,0,0,0,GPU_T1,GPU_T1,1,no_commitment,0,single_experiment,67.5,0,2,53560.1,2.0,0
GPU_Cluster_BB,0,165,6,26,20,14123.3,26169.8,2,0.0,0,standard,internal_research,api_direct,0,0,0,GPU_T1,GPU_T1,0,no_commitment,0,multi_run_experiment,95.4,0,1,40293.1,2.0,0
GPU_Cluster_BB,0,111,8,34,20,37446.9,35255.7,2,0.0,0,standard,internal_research,api_direct,0,0,0,GPU_T1,GPU_T1,1,no_commitment,0,single_experiment,160.0,0,3,72702.6,2.0,1
GPU_Cluster_BB,0,122,3,14,28,11567.7,40571.0,2,0.0,0,standard,internal_research,api_direct,0,0,0,GPU_T2,GPU_T2,0,no_commitment,0,single_experiment,68.64,0,0,52138.7,2.0,0
GPU_Cluster_AA,0,35,4,17,23,7634.7,19966.9,2,0.0,0,standard,internal_research,api_direct,0,0,0,GPU_T5,GPU_T5,1,no_commitment,0,single_experiment,97.0,1,1,27601.6,2.0,0
GPU_Cluster_AA,0,257,12,53,31,23390.3,11577.0,2,0.0,0,standard,internal_research,api_direct,1,0,3,GPU_T5,GPU_T5,2,no_commitment,0,single_experiment,177.41,1,4,34967.3,2.0,1
GPU_Cluster_BB,0,77,3,13,24,0.0,49517.0,3,2.0,0,standard,internal_research,api_direct,0,0,0,GPU_T7,GPU_T7,0,no_commitment,0,single_experiment,243.9,1,1,49517.0,5.0,1
GPU_Cluster_BB,0,0,2,7,14,0.0,10961.8,2,0.0,0,priority,internal_research,api_direct,0,0,0,GPU_T1,GPU_T4,1,no_commitment,0,single_experiment,154.0,1,2,10961.8,2.0,1
GPU_Cluster_AA,0,88,12,53,29,0.0,57288.3,2,0.0,0,priority,internal_research,api_direct,0,0,0,GPU_T1,GPU_T4,0,no_commitment,0,single_experiment,164.67,1,0,57288.3,2.0,1
GPU_Cluster_AA,0,1,3,11,8,0.0,8617.7,1,0.0,0,standard,internal_research,api_direct,0,0,0,GPU_T1,GPU_T4,0,no_commitment,0,single_experiment,40.0,0,0,8617.7,1.0,0
GPU_Cluster_BB,0,93,12,52,19,13192.3,31676.5,2,0.0,0,standard,internal_research,api_direct,0,0,0,GPU_T1,GPU_T1,0,no_commitment,0,single_experiment,98.0,0,0,44868.8,2.0,0
GPU_Cluster_BB,1,11,3,10,10,0.0,26282.7,2,0.0,0,standard,internal_research,api_direct,0,0,0,GPU_T4,GPU_T4,0,no_commitment,0,single_experiment,123.0,0,0,26282.7,2.0,0
GPU_Cluster_AA,0,0,11,48,27,0.0,17429.3,2,0.0,0,standard,internal_research,api_direct,0,0,0,GPU_T5,GPU_T5,0,no_commitment,0,single_experiment,58.0,1,0,17429.3,2.0,0
GPU_Cluster_AA,0,178,6,23,9,51447.1,245332.6,2,0.0,0,standard,internal_research,api_direct,1,0,2,GPU_T5,GPU_T5,0,no_commitment,0,single_experiment,134.0,1,3,296779.7,2.0,0
GPU_Cluster_AA,0,0,4,14,2,0.0,19924.1,2,0.0,0,standard,internal_research,api_direct,0,0,0,GPU_T4,GPU_T7,0,no_commitment,0,single_experiment,85.0,0,1,19924.1,2.0,0
GPU_Cluster_BB,0,0,3,12,23,0.0,10930.3,2,0.0,0,standard,internal_research,api_direct,0,0,0,GPU_T1,GPU_T1,0,no_commitment,0,single_experiment,89.0,0,0,10930.3,2.0,0
GPU_Cluster_AA,0,33,7,29,16,19622.9,13326.6,2,0.0,0,priority,internal_research,api_direct,0,0,0,GPU_T5,GPU_T5,0,no_commitment,0,single_experiment,239.0,1,2,32949.5,2.0,1
GPU_Cluster_AA,1,17,12,51,16,18145.7,16961.3,2,0.0,0,standard,internal_research,api_direct,0,0,0,GPU_T5,GPU_T5,0,no_commitment,0,single_experiment,64.0,0,0,35107.0,2.0,0
GPU_Cluster_BB,0,0,9,39,23,0.0,14135.8,2,0.0,0,standard,internal_research,api_direct,0,0,0,GPU_T1,GPU_T6,0,no_commitment,0,single_experiment,152.0,0,2,14135.8,2.0,1
GPU_Cluster_BB,0,0,10,40,2,0.0,23560.8,1,0.0,0,standard,internal_research,api_direct,0,0,0,GPU_T1,GPU_T5,2,no_commitment,0,multi_run_experiment,145.0,0,0,23560.8,1.0,1
GPU_Cluster_BB,0,4,12,49,4,30080.7,26317.0,2,0.0,0,standard,internal_research,api_direct,0,0,0,GPU_T1,GPU_T1,0,no_commitment,0,single_experiment,99.0,1,0,56397.7,2.0,0
GPU_Cluster_AA,0,50,9,36,1,0.0,39350.2,2,2.0,0,standard,internal_research,api_direct,0,0,0,GPU_T3,GPU_T3,0,no_commitment,0,single_experiment,119.0,0,0,39350.2,4.0,0
GPU_Cluster_AA,1,93,1,2,6,22592.6,71273.8,2,0.0,0,standard,internal_research,api_direct,0,0,0,GPU_T7,GPU_T7,0,no_commitment,0,single_experiment,73.1,0,1,93866.4,2.0,0
GPU_Cluster_BB,0,12,10,41,5,9384.7,72941.7,2,0.0,0,standard,internal_research,api_direct,0,0,0,GPU_T1,GPU_T4,0,no_commitment,0,single_experiment,114.0,0,3,82326.4,2.0,0
GPU_Cluster_AA,0,36,9,38,16,18829.8,72816.3,2,0.0,0,standard,internal_research,api_direct,0,0,0,GPU_T6,GPU_T6,0,no_commitment,0,single_experiment,103.0,1,0,91646.1,2.0,0
GPU_Cluster_BB,0,102,3,10,9,0.0,22140.5,2,0.0,0,standard,internal_research,api_direct,0,0,0,GPU_T1,GPU_T1,0,no_commitment,0,single_experiment,79.2,0,0,22140.5,2.0,0
GPU_Cluster_AA,0,19,4,15,7,17789.0,40754.2,2,0.0,0,standard,internal_research,api_direct,0,0,0,GPU_T6,GPU_T6,0,no_commitment,0,single_experiment,101.0,1,0,58543.2,2.0,0
GPU_Cluster_AA,0,157,7,30,28,30875.9,149197.9,2,0.0,0,standard,internal_research,api_direct,0,0,4,GPU_T5,GPU_T5,0,no_commitment,0,single_experiment,209.4,1,4,180073.8,2.0,1
GPU_Cluster_BB,0,16,4,16,21,20600.9,31274.2,2,0.0,0,standard,internal_research,api_direct,0,0,0,GPU_T1,GPU_T1,0,no_commitment,0,single_experiment,128.0,0,0,51875.1,2.0,0
GPU_Cluster_BB,0,58,8,34,23,0.0,26945.6,1,0.0,0,standard,internal_research,api_direct,0,0,0,GPU_T1,GPU_T1,2,no_commitment,0,single_experiment,115.0,0,0,26945.6,1.0,0
GPU_Cluster_BB,1,190,5,19,5,0.0,33536.7,2,0.0,0,standard,internal_research,api_direct,0,0,0,GPU_T1,GPU_T1,1,no_commitment,0,multi_run_experiment,95.4,0,1,33536.7,2.0,0
GPU_Cluster_BB,0,0,2,8,24,0.0,10463.1,1,0.0,0,on_demand,internal_research,api_direct,0,0,0,GPU_T1,GPU_T1,0,no_commitment,0,single_experiment,78.0,0,0,10463.1,1.0,0
GPU_Cluster_BB,0,138,7,31,27,23686.9,86629.0,3,1.0,0,priority,internal_research,api_direct,0,0,0,GPU_T6,GPU_T6,1,no_commitment,0,single_experiment,227.78,0,1,110315.9,4.0,1
GPU_Cluster_BB,0,90,8,32,7,14044.6,0.0,2,1.0,0,standard,internal_research,api_direct,0,0,0,GPU_T1,GPU_T1,0,no_commitment,0,single_experiment,132.5,0,1,14044.6,3.0,0
GPU_Cluster_AA,0,0,10,43,23,0.0,30110.1,2,0.0,0,standard,internal_research,api_direct,0,0,0,GPU_T1,GPU_T1,1,no_commitment,0,single_experiment,64.0,1,0,30110.1,2.0,0
GPU_Cluster_BB,0,176,7,28,8,15685.3,33930.1,2,0.0,0,standard,internal_research,api_direct,0,0,0,GPU_T1,GPU_T1,0,no_commitment,0,multi_run_experiment,85.5,0,0,49615.4,2.0,0
GPU_Cluster_BB,0,85,4,17,23,37282.3,24176.0,2,0.0,0,standard,internal_research,api_direct,0,0,0,GPU_T1,GPU_T1,0,no_commitment,0,single_experiment,108.0,0,0,61458.3,2.0,0
GPU_Cluster_BB,0,2,8,34,20,0.0,48554.2,1,0.0,0,standard,internal_research,api_direct,0,0,0,GPU_T1,GPU_T1,0,no_commitment,0,single_experiment,67.0,0,0,48554.2,1.0,0
GPU_Cluster_AA,0,0,11,46,11,0.0,16914.2,1,0.0,0,standard,internal_research,api_direct,0,0,0,GPU_T6,GPU_T6,0,no_commitment,0,single_experiment,80.0,0,0,16914.2,1.0,0
GPU_Cluster_AA,0,0,1,2,8,0.0,14334.2,2,0.0,0,standard,internal_research,api_direct,0,0,0,GPU_T1,GPU_T1,0,no_commitment,0,single_experiment,43.0,0,0,14334.2,2.0,0
GPU_Cluster_AA,0,2,6,22,1,0.0,12768.1,2,0.0,0,standard,internal_research,api_direct,0,0,0,GPU_T1,GPU_T4,0,no_commitment,0,single_experiment,85.0,0,0,12768.1,2.0,0
GPU_Cluster_AA,0,24,9,39,23,0.0,10520.1,2,0.0,0,standard,internal_research,api_direct,0,0,0,GPU_T5,GPU_T5,0,no_commitment,0,multi_run_experiment,169.0,0,2,10520.1,2.0,1
GPU_Cluster_AA,0,0,1,4,26,0.0,18770.7,2,0.0,0,standard,internal_research,api_direct,0,0,0,GPU_T1,GPU_T1,0,no_commitment,0,single_experiment,45.0,0,0,18770.7,2.0,0
GPU_Cluster_AA,1,2,11,49,30,0.0,10666.2,2,0.0,0,standard,internal_research,api_direct,0,0,0,GPU_T1,GPU_T4,0,no_commitment,0,single_experiment,43.0,0,1,10666.2,2.0,0
GPU_Cluster_BB,1,58,5,18,1,6750.8,42549.9,2,0.0,0,priority,internal_research,api_direct,0,0,0,GPU_T4,GPU_T4,3,no_commitment,0,single_experiment,189.5,0,1,49300.7,2.0,1
GPU_Cluster_AA,0,297,8,32,6,61145.6,77569.2,2,0.0,0,priority,internal_research,api_direct,0,0,0,GPU_T4,GPU_T4,1,no_commitment,0,single_experiment,170.95,0,0,138714.8,2.0,1
GPU_Cluster_AA,0,0,11,46,8,17773.2,84102.6,1,0.0,0,standard,internal_research,api_direct,0,0,0,GPU_T1,GPU_T4,0,no_commitment,0,single_experiment,53.0,0,0,101875.8,1.0,0
GPU_Cluster_AA,1,17,8,34,26,36154.6,77655.6,2,0.0,0,priority,internal_research,api_direct,0,0,0,GPU_T3,GPU_T3,1,no_commitment,0,single_experiment,262.38,0,0,113810.2,2.0,1
GPU_Cluster_BB,0,1,2,8,23,0.0,19039.7,2,0.0,0,standard,internal_research,api_direct,0,0,0,GPU_T1,GPU_T1,1,no_commitment,0,single_experiment,98.0,0,0,19039.7,2.0,0
GPU_Cluster_AA,0,0,9,37,9,0.0,12928.0,2,0.0,0,standard,internal_research,api_direct,0,0,0,GPU_T6,GPU_T6,0,no_commitment,0,single_experiment,146.0,1,0,12928.0,2.0,1
GPU_Cluster_BB,0,3,9,39,19,10262.7,10459.1,1,0.0,0,standard,internal_research,api_direct,0,0,0,GPU_T1,GPU_T5,0,no_commitment,0,multi_run_experiment,95.0,0,0,20721.8,1.0,0
GPU_Cluster_BB,0,0,3,12,20,13274.2,0.0,1,0.0,0,standard,internal_research,api_direct,0,0,0,GPU_T1,GPU_T1,1,no_commitment,0,single_experiment,108.0,0,0,13274.2,1.0,0
GPU_Cluster_BB,0,158,7,31,31,49126.0,58682.6,3,0.0,0,standard,internal_research,api_direct,0,0,0,GPU_T4,GPU_T1,0,no_commitment,0,multi_run_experiment,132.5,0,1,107808.6,3.0,0
GPU_Cluster_AA,0,26,2,7,9,15591.0,65184.8,2,0.0,0,on_demand,internal_research,api_direct,0,0,0,GPU_T1,GPU_T9,5,no_commitment,0,multi_run_experiment,0.0,0,1,80775.8,2.0,0
GPU_Cluster_BB,1,34,8,34,23,0.0,32185.2,2,0.0,0,standard,internal_research,api_direct,0,0,0,GPU_T1,GPU_T1,0,no_commitment,0,single_experiment,144.5,0,2,32185.2,2.0,1
GPU_Cluster_AA,0,4,4,17,20,0.0,31239.4,2,0.0,0,standard,internal_research,api_direct,0,0,0,GPU_T4,GPU_T4,1,no_commitment,0,single_experiment,79.0,1,0,31239.4,2.0,0
GPU_Cluster_AA,1,0,8,32,10,0.0,16794.9,2,0.0,0,standard,internal_research,api_direct,0,0,0,GPU_T1,GPU_T1,0,no_commitment,0,single_experiment,8.0,0,0,16794.9,2.0,0
GPU_Cluster_AA,0,1,2,6,8,0.0,7409.1,1,0.0,0,standard,internal_research,api_direct,0,0,0,GPU_T1,GPU_T4,0,no_commitment,0,multi_run_experiment,43.0,0,0,7409.1,1.0,0
GPU_Cluster_BB,1,144,2,5,2,27308.6,91998.9,2,0.0,0,on_demand,internal_research,api_direct,0,0,0,GPU_T1,GPU_T1,0,no_commitment,0,single_experiment,85.75,0,2,119307.5,2.0,0
GPU_Cluster_BB,0,30,5,21,21,13427.8,15843.0,2,0.0,0,standard,internal_research,api_direct,0,0,0,GPU_T1,GPU_T1,0,no_commitment,0,single_experiment,116.1,0,3,29270.8,2.0,0
GPU_Cluster_AA,0,171,6,26,25,18940.3,81951.1,2,0.0,0,priority,internal_research,api_direct,0,0,0,GPU_T6,GPU_T6,0,no_commitment,0,single_experiment,158.43,1,1,100891.4,2.0,1
GPU_Cluster_BB,0,7,9,39,20,0.0,54480.3,2,0.0,0,standard,internal_research,api_direct,0,0,0,GPU_T5,GPU_T5,0,no_commitment,0,single_experiment,173.55,0,0,54480.3,2.0,1
GPU_Cluster_BB,0,269,9,40,30,16180.5,29797.4,3,0.0,0,standard,internal_research,api_direct,0,0,0,GPU_T1,GPU_T1,0,no_commitment,0,single_experiment,121.4,0,1,45977.9,3.0,0
GPU_Cluster_AA,1,10,7,29,14,42102.0,75534.1,2,1.0,0,standard,internal_research,api_direct,0,0,0,GPU_T1,GPU_T1,0,no_commitment,0,single_experiment,175.0,0,2,117636.1,3.0,1
GPU_Cluster_AA,0,0,2,8,20,0.0,20606.0,2,0.0,0,standard,internal_research,api_direct,0,0,0,GPU_T4,GPU_T4,0,no_commitment,0,single_experiment,46.0,1,0,20606.0,2.0,0
GPU_Cluster_AA,0,81,8,34,16,40473.9,49647.2,3,0.0,0,standard,internal_research,api_direct,0,0,0,GPU_T4,GPU_T4,0,no_commitment,0,single_experiment,184.0,0,2,90121.1,3.0,1
GPU_Cluster_AA,0,1,1,5,26,0.0,12321.7,1,0.0,0,standard,internal_research,api_direct,0,0,0,GPU_T1,GPU_T4,0,no_commitment,0,single_experiment,39.0,0,0,12321.7,1.0,0
GPU_Cluster_AA,0,35,3,13,22,0.0,61893.3,2,0.0,0,standard,internal_research,api_direct,0,0,0,GPU_T6,GPU_T6,0,no_commitment,0,single_experiment,95.5,1,0,61893.3,2.0,0
GPU_Cluster_BB,0,3,1,5,30,10087.2,0.0,2,0.0,0,standard,internal_research,api_direct,0,0,0,GPU_T1,GPU_T1,1,no_commitment,0,single_experiment,98.0,0,2,10087.2,2.0,0
GPU_Cluster_BB,0,0,3,13,30,0.0,15565.3,1,0.0,0,standard,internal_research,api_direct,0,0,0,GPU_T1,GPU_T6,0,no_commitment,0,single_experiment,104.0,0,0,15565.3,1.0,0
GPU_Cluster_BB,1,93,7,30,24,61587.8,113883.8,2,0.0,0,standard,internal_research,api_direct,0,0,0,GPU_T4,GPU_T4,0,no_commitment,0,single_experiment,112.5,0,1,175471.6,2.0,0
GPU_Cluster_AA,0,14,9,38,17,0.0,22358.7,2,0.0,0,standard,internal_research,api_direct,0,0,0,GPU_T1,GPU_T8,1,no_commitment,0,single_experiment,80.1,0,0,22358.7,2.0,0
GPU_Cluster_BB,1,310,11,45,1,0.0,104591.0,1,0.0,0,standard,internal_research,api_direct,0,0,0,GPU_T1,GPU_T1,0,no_commitment,0,single_experiment,82.45,0,0,104591.0,1.0,0
GPU_Cluster_AA,0,13,1,2,12,0.0,18800.4,2,0.0,0,standard,internal_research,enterprise_portal,1,0,3,GPU_T1,GPU_T4,0,no_commitment,0,single_experiment,40.0,0,0,18800.4,2.0,0
GPU_Cluster_AA,0,6,7,31,29,13784.8,16236.1,1,0.0,0,standard,internal_research,api_direct,0,0,0,GPU_T1,GPU_T3,0,no_commitment,0,multi_run_experiment,182.0,0,1,30020.9,1.0,1
GPU_Cluster_AA,0,1,2,6,6,9522.4,0.0,2,0.0,0,standard,internal_research,api_direct,0,0,0,GPU_T5,GPU_T5,0,no_commitment,0,single_experiment,87.0,1,0,9522.4,2.0,0
GPU_Cluster_BB,0,0,8,33,16,0.0,17967.7,2,0.0,0,standard,internal_research,api_direct,0,0,0,GPU_T1,GPU_T1,0,no_commitment,0,single_experiment,139.0,0,0,17967.7,2.0,1
GPU_Cluster_AA,0,0,12,53,29,0.0,7158.1,2,1.0,0,standard,internal_research,api_direct,0,0,0,GPU_T1,GPU_T1,0,no_commitment,0,single_experiment,65.0,0,1,7158.1,3.0,0
GPU_Cluster_AA,0,0,10,44,31,7514.7,9961.8,2,0.0,0,standard,internal_research,api_direct,0,0,0,GPU_T4,GPU_T4,0,no_commitment,0,single_experiment,48.0,0,0,17476.5,2.0,0
GPU_Cluster_BB,0,0,10,42,13,0.0,26965.4,1,0.0,0,standard,internal_research,api_direct,0,0,0,GPU_T1,GPU_T2,0,no_commitment,0,single_experiment,170.0,0,0,26965.4,1.0,1
GPU_Cluster_AA,0,7,3,11,9,0.0,18829.5,1,0.0,0,priority,internal_research,api_direct,0,0,0,GPU_T1,GPU_T1,2,no_commitment,0,single_experiment,57.0,0,0,18829.5,1.0,0
GPU_Cluster_BB,0,0,2,8,25,0.0,22852.2,2,0.0,0,on_demand,internal_research,api_direct,0,0,0,GPU_T1,GPU_T1,0,no_commitment,0,single_experiment,88.0,0,0,22852.2,2.0,0
GPU_Cluster_AA,0,5,1,4,26,0.0,55848.7,2,2.0,0,standard,internal_research,api_direct,0,0,0,GPU_T1,GPU_T3,1,no_commitment,0,multi_run_experiment,53.33,0,1,55848.7,4.0,0
GPU_Cluster_AA,0,95,5,21,21,20585.3,65555.4,2,0.0,0,standard,internal_research,api_direct,0,0,0,GPU_T4,GPU_T4,0,no_commitment,0,single_experiment,70.0,1,0,86140.7,2.0,0
GPU_Cluster_BB,1,70,11,48,25,0.0,38605.9,2,0.0,0,standard,internal_research,api_direct,0,1,0,GPU_T2,GPU_T2,0,no_commitment,0,single_experiment,61.56,0,0,38605.9,2.0,0
GPU_Cluster_BB,0,84,3,12,24,0.0,28043.4,3,0.0,0,standard,internal_research,api_direct,0,0,0,GPU_T4,GPU_T4,0,no_commitment,0,single_experiment,138.0,0,0,28043.4,3.0,1
GPU_Cluster_BB,0,1,2,5,1,0.0,10061.8,1,0.0,0,standard,internal_research,api_direct,0,0,0,GPU_T1,GPU_T1,1,no_commitment,0,single_experiment,93.0,0,0,10061.8,1.0,0
GPU_Cluster_BB,1,102,4,14,2,37166.7,48463.9,2,0.0,0,on_demand,internal_research,api_direct,0,0,0,GPU_T1,GPU_T1,0,no_commitment,0,single_experiment,80.75,0,2,85630.6,2.0,0
GPU_Cluster_AA,0,72,4,15,14,15610.1,38020.2,2,0.0,0,standard,internal_research,api_direct,0,0,0,GPU_T5,GPU_T5,0,no_commitment,0,single_experiment,104.33,1,2,53630.3,2.0,0
GPU_Cluster_BB,0,19,7,29,16,12022.6,0.0,1,0.0,0,standard,internal_research,api_direct,0,0,0,GPU_T1,GPU_T1,2,no_commitment,0,single_experiment,130.0,0,0,12022.6,1.0,0
GPU_Cluster_BB,1,131,6,24,16,6762.2,29816.6,2,0.0,0,standard,internal_research,api_direct,0,0,0,GPU_T1,GPU_T1,0,no_commitment,0,single_experiment,99.0,0,3,36578.8,2.0,0
GPU_Cluster_AA,0,1,4,15,7,0.0,47403.9,2,1.0,0,standard,internal_research,api_direct,0,0,0,GPU_T4,GPU_T4,1,no_commitment,0,single_experiment,75.0,0,1,47403.9,3.0,0
GPU_Cluster_BB,0,0,2,5,2,0.0,0.0,2,0.0,0,on_demand,internal_research,api_direct,1,0,0,GPU_T1,GPU_T1,1,no_commitment,0,single_experiment,0.0,0,0,0.0,2.0,0
GPU_Cluster_AA,0,40,3,14,29,0.0,122485.4,2,0.0,0,standard,internal_research,api_direct,0,0,0,GPU_T4,GPU_T4,0,no_commitment,0,single_experiment,56.58,1,2,122485.4,2.0,0
GPU_Cluster_AA,0,41,1,5,28,0.0,18107.6,2,2.0,0,standard,internal_research,api_direct,0,0,0,GPU_T7,GPU_T7,1,no_commitment,0,single_experiment,75.0,0,0,18107.6,4.0,0
GPU_Cluster_AA,0,163,8,34,20,26425.7,82911.4,3,0.0,0,standard,internal_research,api_direct,0,0,0,GPU_T5,GPU_T5,0,no_commitment,0,single_experiment,150.0,0,1,109337.1,3.0,1
GPU_Cluster_BB,0,63,5,19,7,0.0,23685.5,2,2.0,0,standard,internal_research,api_direct,0,0,0,GPU_T6,GPU_T7,0,no_commitment,0,single_experiment,193.5,0,1,23685.5,4.0,1
GPU_Cluster_AA,0,74,3,14,29,187649.2,402221.8,2,0.0,0,standard,internal_research,api_direct,0,0,0,GPU_T1,GPU_T1,2,no_commitment,0,single_experiment,50.91,0,0,589871.0,2.0,0
GPU_Cluster_BB,0,0,2,6,3,0.0,34085.8,1,0.0,0,standard,internal_research,api_direct,0,0,0,GPU_T2,GPU_T2,1,no_commitment,0,multi_run_experiment,22.5,0,0,34085.8,1.0,0
GPU_Cluster_AA,0,72,4,18,24,26111.1,30483.1,2,0.0,0,standard,internal_research,api_direct,0,0,0,GPU_T4,GPU_T4,0,no_commitment,0,single_experiment,61.2,0,0,56594.2,2.0,0
GPU_Cluster_BB,1,44,6,25,21,0.0,26491.0,2,0.0,0,standard,internal_research,api_direct,0,0,0,GPU_T1,GPU_T1,0,no_commitment,0,single_experiment,126.0,0,0,26491.0,2.0,0
GPU_Cluster_AA,0,8,9,37,10,0.0,9427.7,2,0.0,0,standard,internal_research,broker_platform,0,0,0,GPU_T1,GPU_T3,0,no_commitment,0,single_experiment,171.0,1,1,9427.7,2.0,1
GPU_Cluster_BB,0,1,11,48,28,14175.9,14311.5,2,0.0,0,priority,internal_research,api_direct,0,0,0,GPU_T4,GPU_T4,1,no_commitment,0,single_experiment,121.0,0,0,28487.4,2.0,0
GPU_Cluster_AA,0,147,8,35,26,32998.4,45360.9,2,1.0,0,priority,internal_research,api_direct,0,0,0,GPU_T1,GPU_T1,1,no_commitment,0,single_experiment,174.5,1,0,78359.3,3.0,1
GPU_Cluster_BB,1,0,2,6,5,0.0,22890.5,2,0.0,0,standard,internal_research,api_direct,0,0,0,GPU_T1,GPU_T1,0,no_commitment,0,single_experiment,12.0,0,0,22890.5,2.0,0
GPU_Cluster_AA,1,18,10,42,11,0.0,19634.5,1,0.0,0,standard,internal_research,api_direct,0,0,0,GPU_T1,GPU_T1,0,no_commitment,0,single_experiment,57.5,0,0,19634.5,1.0,0
GPU_Cluster_BB,0,3,8,34,16,48278.5,13819.2,2,0.0,0,standard,internal_research,api_direct,0,0,0,GPU_T1,GPU_T1,0,no_commitment,0,single_experiment,75.0,0,0,62097.7,2.0,0
GPU_Cluster_AA,0,0,9,36,3,0.0,11814.5,2,0.0,0,standard,internal_research,api_direct,0,0,0,GPU_T1,GPU_T6,0,no_commitment,0,single_experiment,179.0,0,0,11814.5,2.0,1
GPU_Cluster_AA,0,72,3,13,31,14000.9,27270.1,2,0.0,0,standard,internal_research,api_direct,0,0,0,GPU_T5,GPU_T5,0,no_commitment,0,single_experiment,70.47,0,1,41271.0,2.0,0
GPU_Cluster_AA,0,0,7,29,14,0.0,11540.8,2,0.0,0,standard,internal_research,api_direct,0,0,0,GPU_T1,GPU_T1,0,no_commitment,0,single_experiment,149.0,0,0,11540.8,2.0,1
GPU_Cluster_BB,1,14,3,9,2,0.0,54770.9,2,0.0,0,standard,internal_research,api_direct,0,0,0,GPU_T1,GPU_T1,0,no_commitment,0,single_experiment,79.2,0,1,54770.9,2.0,0
GPU_Cluster_AA,0,155,7,29,10,70542.5,73507.4,2,0.0,0,standard,internal_research,api_direct,0,0,0,GPU_T1,GPU_T1,1,no_commitment,0,single_experiment,102.9,0,2,144049.9,2.0,0
GPU_Cluster_AA,0,197,8,32,12,26093.3,78091.1,2,0.0,0,standard,internal_research,api_direct,0,0,0,GPU_T6,GPU_T6,0,no_commitment,0,single_experiment,207.29,0,1,104184.4,2.0,1
GPU_Cluster_BB,0,0,5,19,12,0.0,12540.1,2,0.0,0,standard,internal_research,api_direct,0,0,0,GPU_T1,GPU_T1,0,no_commitment,0,single_experiment,170.0,0,1,12540.1,2.0,1
GPU_Cluster_AA,0,46,3,14,29,0.0,19881.5,2,1.0,0,standard,internal_research,api_direct,0,0,0,GPU_T4,GPU_T4,5,no_commitment,0,single_experiment,76.0,1,0,19881.5,3.0,0
GPU_Cluster_AA,0,79,7,27,4,66483.9,129553.8,2,1.0,0,priority,internal_research,api_direct,0,0,0,GPU_T4,GPU_T4,1,no_commitment,0,single_experiment,149.0,0,1,196037.7,3.0,1
GPU_Cluster_BB,0,0,7,30,20,0.0,36429.4,2,0.0,0,standard,internal_research,api_direct,0,0,0,GPU_T1,GPU_T1,3,no_commitment,0,single_experiment,99.7,0,0,36429.4,2.0,0
GPU_Cluster_BB,0,27,2,9,26,14246.8,30139.9,2,0.0,0,standard,internal_research,api_direct,0,0,0,GPU_T1,GPU_T1,0,no_commitment,0,single_experiment,77.0,0,0,44386.7,2.0,0
GPU_Cluster_AA,0,0,2,9,25,0.0,0.0,2,0.0,0,standard,internal_research,api_direct,1,0,1,GPU_T1,GPU_T4,0,no_commitment,0,single_experiment,0.0,0,0,0.0,2.0,0
GPU_Cluster_BB,0,0,8,32,7,13866.7,0.0,2,0.0,0,standard,internal_research,api_direct,0,0,0,GPU_T4,GPU_T4,0,no_commitment,0,single_experiment,160.0,0,0,13866.7,2.0,1
GPU_Cluster_BB,0,320,7,28,11,23899.1,85232.9,2,0.0,0,standard,internal_research,api_direct,0,0,0,GPU_T1,GPU_T1,0,no_commitment,0,single_experiment,89.1,0,1,109132.0,2.0,0
GPU_Cluster_BB,0,50,2,9,21,24197.6,36613.1,2,0.0,0,standard,internal_research,api_direct,0,0,0,GPU_T2,GPU_T2,1,no_commitment,0,multi_run_experiment,65.11,0,0,60810.7,2.0,0
GPU_Cluster_BB,0,10,10,40,1,0.0,39890.2,1,0.0,0,standard,internal_research,api_direct,0,0,0,GPU_T1,GPU_T1,0,no_commitment,0,single_experiment,159.67,0,0,39890.2,1.0,1
GPU_Cluster_BB,0,116,5,20,13,18638.6,25300.1,2,0.0,0,standard,internal_research,api_direct,0,0,0,GPU_T1,GPU_T1,1,no_commitment,0,single_experiment,117.9,0,2,43938.7,2.0,0
GPU_Cluster_BB,1,148,6,23,5,15301.1,83912.7,2,1.0,0,standard,internal_research,api_direct,0,0,0,GPU_T1,GPU_T1,0,no_commitment,0,single_experiment,141.0,0,2,99213.8,3.0,1
GPU_Cluster_AA,0,7,1,4,23,0.0,10939.5,2,0.0,0,standard,internal_research,api_direct,0,0,0,GPU_T1,GPU_T4,0,no_commitment,0,single_experiment,40.0,0,0,10939.5,2.0,0
GPU_Cluster_AA,0,0,1,3,19,0.0,45773.2,2,1.0,1,standard,internal_research,api_direct,0,0,0,GPU_T3,GPU_T3,3,no_commitment,0,single_experiment,49.1,0,0,45773.2,4.0,0
GPU_Cluster_BB,0,7,2,5,3,0.0,6031.2,2,0.0,0,standard,internal_research,api_direct,0,0,0,GPU_T1,GPU_T1,1,no_commitment,0,single_experiment,98.0,0,0,6031.2,2.0,0
GPU_Cluster_AA,0,0,5,20,13,0.0,40544.3,2,0.0,0,standard,internal_research,api_direct,0,0,0,GPU_T1,GPU_T1,0,no_commitment,0,single_experiment,85.0,1,0,40544.3,2.0,0
GPU_Cluster_BB,0,4,12,50,9,0.0,8858.3,1,0.0,0,standard,internal_research,api_direct,0,0,0,GPU_T1,GPU_T1,0,no_commitment,0,single_experiment,105.0,0,0,8858.3,1.0,0
GPU_Cluster_AA,0,27,8,31,2,0.0,42004.7,3,0.0,0,priority,internal_research,api_direct,0,0,0,GPU_T5,GPU_T6,0,no_commitment,0,single_experiment,326.0,1,3,42004.7,3.0,1
GPU_Cluster_BB,0,128,11,49,30,12005.0,57611.3,2,0.0,0,standard,internal_research,api_direct,0,0,0,GPU_T1,GPU_T1,0,no_commitment,0,single_experiment,79.2,0,0,69616.3,2.0,0
GPU_Cluster_AA,0,0,3,11,9,0.0,22383.1,1,0.0,0,standard,internal_research,api_direct,0,0,0,GPU_T1,GPU_T5,0,no_commitment,0,single_experiment,56.0,1,0,22383.1,1.0,0
GPU_Cluster_AA,0,9,10,41,5,0.0,11508.0,2,0.0,0,standard,internal_research,api_direct,0,0,0,GPU_T4,GPU_T4,0,no_commitment,0,single_experiment,121.0,0,1,11508.0,2.0,0
GPU_Cluster_AA,0,73,7,31,26,48967.0,41314.0,3,0.0,0,priority,internal_research,api_direct,0,0,0,GPU_T5,GPU_T5,0,no_commitment,0,single_experiment,209.0,0,1,90281.0,3.0,1
GPU_Cluster_BB,0,67,6,24,10,0.0,21330.3,2,0.0,0,standard,internal_research,api_direct,0,0,0,GPU_T1,GPU_T1,0,no_commitment,0,single_experiment,116.1,0,0,21330.3,2.0,0
GPU_Cluster_AA,0,2,6,25,13,25923.2,49785.1,2,0.0,0,standard,internal_research,api_direct,0,0,0,GPU_T5,GPU_T5,1,no_commitment,0,single_experiment,122.86,0,1,75708.3,2.0,0
GPU_Cluster_AA,0,88,8,35,23,21883.7,71946.2,2,0.0,0,priority,internal_research,api_direct,0,0,0,GPU_T5,GPU_T6,1,no_commitment,0,single_experiment,170.5,0,3,93829.9,2.0,1
GPU_Cluster_AA,0,0,10,44,28,0.0,9794.0,2,0.0,0,standard,internal_research,api_direct,0,0,0,GPU_T4,GPU_T4,0,no_commitment,0,single_experiment,48.0,1,0,9794.0,2.0,0
GPU_Cluster_AA,0,61,8,34,19,18454.1,79595.8,3,0.0,0,priority,internal_research,api_direct,0,0,0,GPU_T1,GPU_T4,0,no_commitment,0,single_experiment,220.4,0,2,98049.9,3.0,1
GPU_Cluster_BB,0,2,12,51,16,0.0,19309.8,1,0.0,0,on_demand,internal_research,api_direct,0,0,0,GPU_T1,GPU_T1,0,no_commitment,0,single_experiment,78.0,0,1,19309.8,1.0,0
GPU_Cluster_BB,0,20,9,38,15,0.0,43242.9,1,0.0,0,standard,internal_research,api_direct,0,0,0,GPU_T1,GPU_T1,0,no_commitment,0,single_experiment,95.0,0,1,43242.9,1.0,0
GPU_Cluster_AA,1,0,4,18,30,0.0,11719.7,1,0.0,0,standard,internal_research,api_direct,0,0,0,GPU_T4,GPU_T4,0,no_commitment,0,single_experiment,80.0,0,0,11719.7,1.0,0
GPU_Cluster_AA,1,8,12,49,3,0.0,9039.5,1,0.0,0,standard,internal_research,api_direct,0,1,0,GPU_T5,GPU_T5,0,no_commitment,0,single_experiment,58.0,0,0,9039.5,1.0,0
GPU_Cluster_BB,0,162,4,18,28,37172.4,63529.9,2,1.0,0,standard,internal_research,api_direct,0,0,0,GPU_T4,GPU_T4,0,no_commitment,0,single_experiment,107.65,0,0,100702.3,3.0,0
GPU_Cluster_AA,0,23,8,35,28,0.0,26149.1,2,0.0,0,enterprise,internal_research,api_direct,0,0,0,GPU_T1,GPU_T4,1,no_commitment,0,single_experiment,179.0,0,1,26149.1,2.0,1
GPU_Cluster_BB,1,29,3,12,23,46990.9,49335.4,2,0.0,0,standard,internal_research,api_direct,0,0,0,GPU_T5,GPU_T5,0,no_commitment,0,single_experiment,132.3,0,2,96326.3,2.0,0
GPU_Cluster_AA,0,58,7,29,13,12039.5,36798.4,2,0.0,0,priority,internal_research,api_direct,0,0,0,GPU_T5,GPU_T6,2,no_commitment,0,single_experiment,165.0,1,1,48837.9,2.0,1
GPU_Cluster_AA,0,19,11,46,10,20624.3,32698.8,2,0.0,0,standard,internal_research,api_direct,0,0,0,GPU_T7,GPU_T7,0,no_commitment,0,single_experiment,88.68,0,1,53323.1,2.0,0
GPU_Cluster_AA,0,17,12,49,5,17083.2,17988.9,2,2.0,0,standard,internal_research,api_direct,0,0,0,GPU_T3,GPU_T3,0,no_commitment,0,single_experiment,86.33,0,0,35072.1,4.0,0
GPU_Cluster_BB,0,12,2,6,3,0.0,30144.7,1,0.0,0,standard,internal_research,api_direct,0,0,0,GPU_T6,GPU_T6,0,no_commitment,0,single_experiment,86.0,0,0,30144.7,1.0,0
GPU_Cluster_BB,0,0,5,20,12,0.0,10841.4,2,0.0,0,standard,internal_research,api_direct,0,0,0,GPU_T1,GPU_T1,0,no_commitment,0,single_experiment,129.0,0,0,10841.4,2.0,0
GPU_Cluster_BB,0,20,1,6,31,24135.1,10458.4,1,0.0,0,standard,internal_research,api_direct,0,0,0,GPU_T1,GPU_T1,0,no_commitment,0,single_experiment,76.0,0,0,34593.5,1.0,0
GPU_Cluster_BB,0,100,4,17,19,0.0,38141.3,2,0.0,0,standard,internal_research,api_direct,0,0,0,GPU_T1,GPU_T1,0,no_commitment,0,multi_run_experiment,76.5,0,0,38141.3,2.0,0
GPU_Cluster_BB,0,263,8,31,1,0.0,18760.7,3,0.0,0,standard,internal_research,api_direct,0,0,0,GPU_T1,GPU_T1,3,no_commitment,0,single_experiment,130.63,1,0,18760.7,3.0,0
GPU_Cluster_AA,0,0,12,52,19,15226.9,0.0,1,0.0,0,standard,internal_research,api_direct,0,0,0,GPU_T1,GPU_T1,0,no_commitment,0,single_experiment,39.0,0,0,15226.9,1.0,0
GPU_Cluster_BB,1,16,5,23,29,26634.6,13303.6,2,0.0,0,standard,internal_research,api_direct,0,0,0,GPU_T1,GPU_T1,0,no_commitment,0,single_experiment,112.33,0,1,39938.2,2.0,0
GPU_Cluster_BB,0,2,6,25,21,14942.7,55275.6,2,2.0,0,standard,internal_research,api_direct,0,0,0,GPU_T7,GPU_T7,0,no_commitment,0,single_experiment,295.0,0,0,70218.3,4.0,1
GPU_Cluster_AA,1,0,8,36,29,22971.3,0.0,2,0.0,0,standard,internal_research,api_direct,0,0,0,GPU_T4,GPU_T4,0,no_commitment,0,single_experiment,150.0,0,0,22971.3,2.0,1
GPU_Cluster_AA,1,88,7,29,13,0.0,61195.2,2,0.0,0,standard,internal_research,api_direct,0,0,0,GPU_T6,GPU_T6,0,no_commitment,0,single_experiment,204.0,0,0,61195.2,2.0,1
GPU_Cluster_AA,0,0,11,46,8,7337.6,0.0,1,0.0,0,standard,internal_research,api_direct,0,0,1,GPU_T1,GPU_T4,0,no_commitment,0,single_experiment,53.0,0,0,7337.6,1.0,0
GPU_Cluster_BB,0,0,8,33,11,0.0,11819.4,2,0.0,0,standard,internal_research,api_direct,0,0,0,GPU_T1,GPU_T4,1,no_commitment,0,single_experiment,160.0,0,0,11819.4,2.0,1
GPU_Cluster_BB,0,147,2,8,15,18154.8,43435.1,2,0.0,0,standard,internal_research,api_direct,0,0,0,GPU_T2,GPU_T2,0,no_commitment,0,single_experiment,85.0,0,0,61589.9,2.0,0
GPU_Cluster_AA,0,29,3,11,9,15241.6,86823.3,2,0.0,0,standard,internal_research,api_direct,0,0,1,GPU_T4,GPU_T4,0,no_commitment,0,single_experiment,61.0,1,1,102064.9,2.0,0
GPU_Cluster_BB,0,107,4,17,28,9417.9,35551.8,2,0.0,0,standard,internal_research,api_direct,0,0,0,GPU_T1,GPU_T1,0,no_commitment,0,single_experiment,99.0,0,2,44969.7,2.0,0
GPU_Cluster_AA,1,13,2,6,1,13002.8,0.0,2,0.0,0,standard,internal_research,api_direct,0,0,0,GPU_T5,GPU_T5,1,no_commitment,0,single_experiment,67.0,0,0,13002.8,2.0,0
GPU_Cluster_AA,0,234,12,50,7,0.0,48654.6,2,0.0,0,standard,internal_research,api_direct,0,0,0,GPU_T4,GPU_T4,0,no_commitment,0,single_experiment,48.12,1,0,48654.6,2.0,0
GPU_Cluster_AA,0,95,12,53,30,14157.0,29097.6,2,0.0,0,standard,internal_research,api_direct,0,0,0,GPU_T4,GPU_T4,0,no_commitment,0,single_experiment,172.67,1,0,43254.6,2.0,1
GPU_Cluster_AA,1,33,8,32,6,43662.9,44339.8,2,0.0,0,priority,internal_research,api_direct,0,0,0,GPU_T5,GPU_T5,1,no_commitment,0,single_experiment,297.0,0,0,88002.7,2.0,1
GPU_Cluster_AA,0,0,9,39,21,11526.5,24685.1,2,0.0,0,standard,internal_research,api_direct,0,0,0,GPU_T1,GPU_T6,3,no_commitment,0,single_experiment,129.0,1,0,36211.6,2.0,0
GPU_Cluster_BB,0,2,1,2,6,0.0,25950.0,2,0.0,0,standard,internal_research,api_direct,0,0,0,GPU_T1,GPU_T1,0,no_commitment,0,single_experiment,96.0,0,0,25950.0,2.0,0
GPU_Cluster_BB,1,30,6,23,10,0.0,16929.5,2,0.0,0,standard,internal_research,api_direct,0,0,0,GPU_T1,GPU_T1,0,no_commitment,0,single_experiment,144.0,0,1,16929.5,2.0,1
GPU_Cluster_AA,0,94,7,28,5,72354.5,86241.9,3,0.0,0,standard,internal_research,api_direct,0,0,0,GPU_T4,GPU_T3,3,no_commitment,0,single_experiment,124.45,1,1,158596.4,3.0,0
GPU_Cluster_BB,1,16,1,3,12,55671.3,148089.4,2,2.0,0,standard,internal_research,api_direct,0,0,0,GPU_T5,GPU_T5,0,no_commitment,0,single_experiment,152.0,0,0,203760.7,4.0,1
GPU_Cluster_AA,0,0,2,8,22,0.0,12031.4,2,0.0,0,standard,internal_research,api_direct,0,0,0,GPU_T5,GPU_T5,0,no_commitment,0,single_experiment,80.0,0,0,12031.4,2.0,0
GPU_Cluster_AA,0,155,8,32,11,18563.1,50745.6,2,1.0,0,priority,internal_research,api_direct,0,0,0,GPU_T4,GPU_T4,1,no_commitment,0,multi_run_experiment,251.0,0,1,69308.7,3.0,1
GPU_Cluster_AA,0,0,1,2,6,0.0,20827.9,2,0.0,0,standard,internal_research,api_direct,0,0,0,GPU_T1,GPU_T5,0,no_commitment,0,single_experiment,61.0,0,0,20827.9,2.0,0
GPU_Cluster_AA,0,4,2,5,4,0.0,14684.1,2,0.0,0,standard,internal_research,api_direct,0,0,0,GPU_T1,GPU_T4,0,no_commitment,0,single_experiment,40.5,0,1,14684.1,2.0,0
GPU_Cluster_BB,0,50,1,1,3,0.0,15206.6,2,0.0,0,standard,internal_research,api_direct,0,0,0,GPU_T1,GPU_T1,0,no_commitment,0,single_experiment,79.2,0,0,15206.6,2.0,0
GPU_Cluster_BB,0,0,9,40,28,10903.9,9487.3,2,0.0,0,standard,internal_research,api_direct,0,0,0,GPU_T1,GPU_T4,1,no_commitment,0,single_experiment,149.0,0,0,20391.2,2.0,1
GPU_Cluster_BB,0,1,7,30,22,0.0,7539.3,2,0.0,0,standard,internal_research,api_direct,0,0,0,GPU_T5,GPU_T5,0,no_commitment,0,single_experiment,196.0,1,0,7539.3,2.0,1
GPU_Cluster_BB,0,64,7,27,5,0.0,16733.6,2,0.0,0,standard,internal_research,api_direct,0,0,0,GPU_T4,GPU_T4,0,no_commitment,0,single_experiment,130.0,0,2,16733.6,2.0,0
GPU_Cluster_BB,0,58,7,29,15,0.0,16005.4,2,2.0,0,standard,internal_research,api_direct,0,0,0,GPU_T5,GPU_T5,0,no_commitment,0,single_experiment,182.7,1,2,16005.4,4.0,1
GPU_Cluster_AA,0,76,10,41,8,0.0,49525.3,2,0.0,0,standard,internal_research,api_direct,0,0,0,GPU_T1,GPU_T1,0,no_commitment,0,long_term_contract,56.0,1,1,49525.3,2.0,0
GPU_Cluster_BB,0,0,1,5,26,0.0,14169.5,2,0.0,0,standard,internal_research,api_direct,0,0,0,GPU_T1,GPU_T1,0,no_commitment,0,single_experiment,91.0,0,0,14169.5,2.0,0
GPU_Cluster_BB,0,0,8,34,18,19846.3,92199.3,2,0.0,0,standard,internal_research,api_direct,0,0,0,GPU_T1,GPU_T1,0,no_commitment,0,single_experiment,86.7,0,0,112045.6,2.0,0
GPU_Cluster_BB,0,9,5,20,11,0.0,34809.6,1,0.0,0,standard,internal_research,api_direct,0,0,0,GPU_T4,GPU_T4,0,no_commitment,0,multi_run_experiment,130.0,0,0,34809.6,1.0,0
GPU_Cluster_AA,0,20,12,51,17,0.0,30826.6,2,0.0,0,standard,internal_research,api_direct,0,0,0,GPU_T4,GPU_T4,0,no_commitment,0,single_experiment,58.0,0,0,30826.6,2.0,0
GPU_Cluster_BB,0,83,6,24,14,0.0,20730.0,2,0.0,0,standard,internal_research,api_direct,0,0,0,GPU_T1,GPU_T1,0,no_commitment,0,single_experiment,146.0,0,2,20730.0,2.0,1
GPU_Cluster_AA,0,15,8,35,22,20059.7,76137.6,2,0.0,0,standard,internal_research,api_direct,0,0,0,GPU_T6,GPU_T6,0,no_commitment,0,single_experiment,239.43,1,0,96197.3,2.0,1
GPU_Cluster_BB,0,0,2,6,7,0.0,24863.2,2,0.0,1,on_demand,internal_research,api_direct,0,0,0,GPU_T1,GPU_T1,2,no_commitment,0,single_experiment,107.0,0,1,24863.2,3.0,0
GPU_Cluster_BB,0,17,12,49,4,33578.9,22767.0,2,0.0,0,standard,internal_research,api_direct,0,0,0,GPU_T1,GPU_T1,0,no_commitment,0,single_experiment,101.5,1,2,56345.9,2.0,0
GPU_Cluster_BB,0,9,5,19,4,47298.2,148071.3,2,0.0,0,standard,internal_research,api_direct,0,0,0,GPU_T4,GPU_T4,3,no_commitment,0,single_experiment,152.0,0,0,195369.5,2.0,1
GPU_Cluster_BB,0,190,8,35,28,11716.8,23787.7,2,0.0,0,standard,internal_research,api_direct,0,0,0,GPU_T1,GPU_T1,0,no_commitment,0,single_experiment,99.0,0,2,35504.5,2.0,0
GPU_Cluster_AA,0,0,11,48,23,0.0,10627.0,1,0.0,0,standard,internal_research,api_direct,0,0,0,GPU_T4,GPU_T4,0,no_commitment,0,single_experiment,55.0,0,0,10627.0,1.0,0
GPU_Cluster_AA,0,3,10,44,30,0.0,18878.0,2,0.0,0,standard,internal_research,api_direct,0,0,0,GPU_T6,GPU_T6,0,no_commitment,0,single_experiment,72.0,1,1,18878.0,2.0,0
GPU_Cluster_BB,0,17,10,40,1,0.0,44097.1,2,0.0,0,standard,internal_research,api_direct,0,0,0,GPU_T4,GPU_T4,0,no_commitment,0,single_experiment,113.33,0,0,44097.1,2.0,0
GPU_Cluster_AA,0,0,12,49,3,0.0,24849.3,2,0.0,0,standard,internal_research,api_direct,0,0,0,GPU_T5,GPU_T5,0,no_commitment,0,single_experiment,58.0,0,0,24849.3,2.0,0
GPU_Cluster_BB,1,188,4,16,15,25427.6,24012.5,3,0.0,0,standard,internal_research,api_direct,0,0,0,GPU_T6,GPU_T6,0,no_commitment,0,single_experiment,151.3,0,2,49440.1,3.0,1
GPU_Cluster_AA,0,0,8,35,28,0.0,41808.9,2,0.0,0,standard,internal_research,api_direct,0,0,0,GPU_T8,GPU_T8,0,no_commitment,0,single_experiment,195.0,0,0,41808.9,2.0,1
GPU_Cluster_BB,1,0,9,39,21,7114.0,0.0,2,0.0,0,standard,internal_research,api_direct,1,0,0,GPU_T6,GPU_T6,0,no_commitment,0,single_experiment,152.0,0,0,7114.0,2.0,1
GPU_Cluster_AA,0,4,7,27,8,0.0,10393.3,2,0.0,0,standard,internal_research,api_direct,0,0,0,GPU_T4,GPU_T4,4,no_commitment,0,single_experiment,170.0,1,2,10393.3,2.0,1
GPU_Cluster_BB,0,119,12,50,4,28226.4,35106.4,2,0.0,0,standard,internal_research,api_direct,0,0,0,GPU_T1,GPU_T1,0,no_commitment,0,single_experiment,79.2,0,1,63332.8,2.0,0
GPU_Cluster_AA,0,0,3,13,22,0.0,21910.6,1,0.0,0,standard,internal_research,enterprise_portal,0,0,4,GPU_T1,GPU_T1,0,no_commitment,0,single_experiment,53.0,0,0,21910.6,1.0,0
GPU_Cluster_BB,0,39,6,26,21,0.0,28157.2,1,2.0,0,standard,internal_research,api_direct,0,0,0,GPU_T6,GPU_T6,0,no_commitment,0,single_experiment,168.3,0,2,28157.2,3.0,1
GPU_Cluster_BB,0,6,6,27,26,24525.5,0.0,2,0.0,0,standard,internal_research,api_direct,0,0,0,GPU_T5,GPU_T5,0,no_commitment,0,single_experiment,151.0,0,0,24525.5,2.0,1
GPU_Cluster_AA,0,1,1,4,24,0.0,18245.2,2,0.0,0,standard,internal_research,api_direct,0,0,0,GPU_T1,GPU_T4,1,no_commitment,0,single_experiment,45.0,0,2,18245.2,2.0,0
GPU_Cluster_AA,0,0,11,47,14,10904.0,0.0,2,0.0,0,standard,internal_research,api_direct,0,0,0,GPU_T7,GPU_T7,0,no_commitment,0,single_experiment,111.0,1,0,10904.0,2.0,0
GPU_Cluster_AA,0,24,5,22,25,0.0,41984.8,1,0.0,0,standard,internal_research,api_direct,0,0,0,GPU_T4,GPU_T5,0,no_commitment,0,single_experiment,90.0,0,0,41984.8,1.0,0
GPU_Cluster_AA,0,0,7,30,25,0.0,11576.4,2,0.0,0,standard,internal_research,api_direct,0,0,0,GPU_T1,GPU_T7,0,no_commitment,0,single_experiment,170.0,0,0,11576.4,2.0,1
GPU_Cluster_BB,0,150,7,29,19,0.0,27610.0,2,0.0,0,standard,internal_research,api_direct,0,0,0,GPU_T1,GPU_T1,0,no_commitment,0,single_experiment,98.1,0,1,27610.0,2.0,0
GPU_Cluster_AA,0,102,7,26,1,16573.4,68621.7,3,0.0,0,standard,internal_research,api_direct,1,0,0,GPU_T4,GPU_T4,0,no_commitment,0,single_experiment,209.0,1,2,85195.1,3.0,1
GPU_Cluster_AA,0,6,4,16,14,0.0,21494.0,1,0.0,0,standard,internal_research,api_direct,0,0,0,GPU_T1,GPU_T1,0,no_commitment,0,single_experiment,50.0,0,0,21494.0,1.0,0
GPU_Cluster_AA,0,2,3,12,22,0.0,11688.5,1,0.0,0,standard,internal_research,enterprise_portal,0,0,10,GPU_T1,GPU_T4,0,no_commitment,0,single_experiment,60.0,0,1,11688.5,1.0,0
GPU_Cluster_AA,1,186,4,15,14,14648.6,34753.1,2,0.0,0,standard,internal_research,api_direct,1,1,1,GPU_T1,GPU_T1,0,no_commitment,0,multi_run_experiment,76.67,0,3,49401.7,2.0,0
GPU_Cluster_AA,0,134,6,25,21,0.0,58303.2,2,0.0,0,standard,internal_research,api_direct,0,0,0,GPU_T5,GPU_T6,1,no_commitment,0,single_experiment,141.67,0,2,58303.2,2.0,1
GPU_Cluster_BB,0,40,8,33,13,17151.1,12942.0,2,2.0,0,priority,internal_research,api_direct,0,0,0,GPU_T5,GPU_T5,0,no_commitment,0,single_experiment,245.95,1,0,30093.1,4.0,1
GPU_Cluster_BB,0,0,8,36,31,15463.6,0.0,2,0.0,0,standard,internal_research,api_direct,0,0,0,GPU_T4,GPU_T5,0,no_commitment,0,single_experiment,126.0,0,0,15463.6,2.0,0
GPU_Cluster_AA,0,0,10,41,5,0.0,15236.4,2,0.0,0,standard,internal_research,api_direct,1,0,0,GPU_T4,GPU_T4,0,no_commitment,0,single_experiment,105.0,0,0,15236.4,2.0,0
GPU_Cluster_BB,0,53,12,53,30,16950.7,39745.7,2,0.0,0,priority,internal_research,api_direct,0,0,0,GPU_T5,GPU_T5,3,no_commitment,0,single_experiment,208.17,0,0,56696.4,2.0,1
GPU_Cluster_BB,0,47,6,24,12,14118.3,40210.5,2,0.0,0,standard,internal_research,api_direct,0,0,0,GPU_T5,GPU_T5,0,no_commitment,0,single_experiment,213.0,1,0,54328.8,2.0,1
GPU_Cluster_AA,1,240,8,34,15,30133.5,85056.3,2,0.0,0,standard,internal_research,api_direct,0,0,0,GPU_T1,GPU_T1,0,no_commitment,0,single_experiment,113.05,0,1,115189.8,2.0,0
GPU_Cluster_BB,0,218,8,33,18,77578.9,63285.7,2,2.0,0,priority,internal_research,api_direct,0,0,0,GPU_T5,GPU_T5,2,no_commitment,0,single_experiment,215.86,0,1,140864.6,4.0,1
GPU_Cluster_BB,1,115,7,28,7,0.0,34522.9,2,0.0,0,standard,internal_research,api_direct,0,0,0,GPU_T1,GPU_T1,0,no_commitment,0,single_experiment,112.5,0,0,34522.9,2.0,0
GPU_Cluster_AA,1,259,6,25,24,26663.5,33692.4,2,0.0,0,standard,internal_research,api_direct,0,0,0,GPU_T6,GPU_T6,0,no_commitment,0,single_experiment,116.1,0,0,60355.9,2.0,0
GPU_Cluster_AA,0,53,7,29,16,25658.4,60966.1,2,0.0,0,standard,internal_research,api_direct,0,0,0,GPU_T4,GPU_T4,0,no_commitment,0,single_experiment,157.0,0,2,86624.5,2.0,1
GPU_Cluster_AA,0,8,7,31,28,0.0,59481.6,2,0.0,0,standard,internal_research,api_direct,0,0,0,GPU_T4,GPU_T4,0,no_commitment,0,single_experiment,216.0,1,0,59481.6,2.0,1
GPU_Cluster_AA,0,7,6,25,15,0.0,13302.9,1,0.0,0,standard,internal_research,api_direct,0,0,0,GPU_T1,GPU_T3,0,no_commitment,0,single_experiment,79.0,0,0,13302.9,1.0,0
GPU_Cluster_AA,0,12,4,17,25,0.0,36034.3,2,0.0,0,unknown,internal_research,api_direct,0,0,0,GPU_T5,GPU_T5,0,no_commitment,0,single_experiment,196.0,1,1,36034.3,2.0,1
GPU_Cluster_BB,0,13,6,25,22,0.0,15862.0,2,0.0,0,on_demand,internal_research,api_direct,0,0,0,GPU_T1,GPU_T1,0,no_commitment,0,multi_run_experiment,160.0,0,0,15862.0,2.0,1
GPU_Cluster_AA,1,58,7,29,12,25158.8,63127.4,3,1.0,0,standard,internal_research,api_direct,0,0,0,GPU_T3,GPU_T3,0,no_commitment,0,single_experiment,164.57,0,1,88286.2,4.0,1
GPU_Cluster_BB,0,41,1,5,25,14291.8,26158.3,2,0.0,0,standard,internal_research,api_direct,0,0,0,GPU_T4,GPU_T4,1,no_commitment,0,single_experiment,78.5,0,0,40450.1,2.0,0
GPU_Cluster_AA,0,0,8,33,17,0.0,26089.6,2,0.0,0,standard,internal_research,api_direct,0,0,0,GPU_T1,GPU_T1,0,no_commitment,0,single_experiment,194.0,0,0,26089.6,2.0,1
GPU_Cluster_BB,1,40,6,27,30,31608.6,169343.4,1,0.0,0,standard,internal_research,api_direct,0,0,0,GPU_T7,GPU_T7,0,no_commitment,0,single_experiment,244.43,0,0,200952.0,1.0,1
GPU_Cluster_AA,1,247,6,24,16,20556.2,74655.0,2,0.0,0,standard,internal_research,api_direct,0,0,0,GPU_T1,GPU_T1,0,no_commitment,0,single_experiment,72.09,0,1,95211.2,2.0,0
GPU_Cluster_AA,0,0,2,9,26,21142.7,24288.3,1,0.0,0,standard,internal_research,api_direct,1,0,5,GPU_T1,GPU_T1,2,no_commitment,0,single_experiment,46.0,1,0,45431.0,1.0,0
GPU_Cluster_BB,0,8,12,50,7,0.0,12504.6,1,0.0,0,on_demand,internal_research,broker_platform,0,0,0,GPU_T1,GPU_T1,0,no_commitment,0,single_experiment,88.0,0,1,12504.6,1.0,0
GPU_Cluster_AA,0,0,1,4,27,20397.1,25582.2,2,0.0,0,standard,internal_research,api_direct,0,0,0,GPU_T7,GPU_T7,1,no_commitment,0,multi_run_experiment,93.0,0,0,45979.3,2.0,0
GPU_Cluster_BB,0,3,3,13,27,12023.0,0.0,2,0.0,0,standard,internal_research,api_direct,0,0,0,GPU_T4,GPU_T6,1,no_commitment,0,single_experiment,146.0,1,0,12023.0,2.0,1
GPU_Cluster_AA,0,22,10,40,1,10178.7,52519.5,2,0.0,0,standard,internal_research,api_direct,0,0,0,GPU_T5,GPU_T5,0,no_commitment,0,single_experiment,65.0,0,1,62698.2,2.0,0
GPU_Cluster_BB,0,25,7,31,29,0.0,12860.7,2,2.0,0,standard,internal_research,api_direct,0,0,0,GPU_T7,GPU_T7,0,no_commitment,0,single_experiment,193.45,1,0,12860.7,4.0,1
GPU_Cluster_AA,0,1,2,8,22,0.0,24183.3,1,0.0,0,standard,internal_research,api_direct,0,0,0,GPU_T4,GPU_T4,0,no_commitment,0,single_experiment,61.2,0,0,24183.3,1.0,0
GPU_Cluster_BB,0,28,6,23,5,14185.7,14917.4,1,0.0,0,standard,internal_research,api_direct,0,0,0,GPU_T1,GPU_T1,1,no_commitment,0,single_experiment,114.0,0,2,29103.1,1.0,0
GPU_Cluster_BB,0,3,4,14,7,0.0,19617.7,2,0.0,0,standard,internal_research,api_direct,0,0,0,GPU_T1,GPU_T1,0,no_commitment,0,single_experiment,135.0,0,0,19617.7,2.0,0
GPU_Cluster_BB,1,10,9,40,29,0.0,13804.4,2,0.0,0,standard,internal_research,api_direct,0,0,0,GPU_T5,GPU_T5,0,no_commitment,0,single_experiment,105.0,0,0,13804.4,2.0,0
GPU_Cluster_AA,0,113,7,31,26,21890.8,67053.6,2,0.0,0,standard,internal_research,api_direct,0,0,0,GPU_T5,GPU_T5,0,no_commitment,0,single_experiment,193.8,0,2,88944.4,2.0,1
GPU_Cluster_AA,1,7,7,29,17,0.0,24016.7,2,0.0,0,standard,internal_research,api_direct,0,0,0,GPU_T1,GPU_T1,0,no_commitment,0,single_experiment,127.25,0,1,24016.7,2.0,0
GPU_Cluster_BB,0,53,5,20,20,29008.1,18970.7,2,0.0,0,standard,internal_research,api_direct,0,0,0,GPU_T1,GPU_T1,0,no_commitment,0,single_experiment,144.0,0,1,47978.8,2.0,1
GPU_Cluster_AA,0,0,1,3,12,0.0,15063.6,1,0.0,0,standard,internal_research,api_direct,0,0,0,GPU_T7,GPU_T7,0,no_commitment,0,single_experiment,74.0,1,1,15063.6,1.0,0
GPU_Cluster_AA,0,0,6,26,28,0.0,17144.6,2,0.0,0,standard,internal_research,api_direct,0,0,0,GPU_T6,GPU_T6,1,no_commitment,0,single_experiment,167.5,0,1,17144.6,2.0,1
GPU_Cluster_AA,0,3,4,15,5,0.0,19665.5,2,0.0,0,standard,internal_research,api_direct,0,0,0,GPU_T1,GPU_T5,0,no_commitment,0,single_experiment,53.0,1,0,19665.5,2.0,0
GPU_Cluster_AA,0,48,5,20,11,0.0,13642.4,2,0.0,0,priority,internal_research,api_direct,0,0,0,GPU_T1,GPU_T1,0,no_commitment,0,multi_run_experiment,95.0,1,0,13642.4,2.0,0
GPU_Cluster_AA,1,86,12,50,8,47735.1,191247.3,2,0.0,0,standard,internal_research,api_direct,0,0,0,GPU_T5,GPU_T5,0,no_commitment,0,single_experiment,50.2,0,0,238982.4,2.0,0
GPU_Cluster_BB,0,2,3,10,4,0.0,12433.9,2,0.0,0,standard,internal_research,api_direct,0,0,0,GPU_T1,GPU_T1,0,no_commitment,0,multi_run_experiment,101.0,0,0,12433.9,2.0,0
GPU_Cluster_BB,1,54,12,49,1,0.0,15034.4,1,0.0,0,standard,internal_research,api_direct,0,1,0,GPU_T1,GPU_T1,1,no_commitment,0,multi_run_experiment,81.0,0,0,15034.4,1.0,0
GPU_Cluster_BB,0,11,8,35,24,57140.3,94289.2,2,0.0,0,standard,internal_research,api_direct,0,0,0,GPU_T4,GPU_T1,0,no_commitment,0,single_experiment,79.0,0,1,151429.5,2.0,0
GPU_Cluster_AA,0,214,8,32,10,26338.8,99461.7,2,0.0,0,standard,internal_research,api_direct,1,0,1,GPU_T4,GPU_T4,0,no_commitment,0,team_project,179.4,1,1,125800.5,2.0,1
GPU_Cluster_AA,0,0,11,48,23,16927.8,0.0,2,0.0,0,standard,internal_research,api_direct,0,0,0,GPU_T5,GPU_T5,0,no_commitment,0,single_experiment,58.0,0,0,16927.8,2.0,0
GPU_Cluster_AA,0,66,12,53,30,11590.1,23215.8,2,0.0,2,standard,internal_research,api_direct,0,0,0,GPU_T7,GPU_T7,2,no_commitment,0,single_experiment,197.67,1,1,34805.9,4.0,1
GPU_Cluster_BB,1,12,12,51,14,0.0,21454.2,2,0.0,0,on_demand,internal_research,api_direct,0,0,0,GPU_T1,GPU_T1,2,no_commitment,0,single_experiment,98.0,0,0,21454.2,2.0,0
GPU_Cluster_BB,0,78,5,18,1,7553.7,11246.0,2,0.0,0,standard,internal_research,api_direct,0,0,0,GPU_T1,GPU_T1,0,no_commitment,0,single_experiment,108.0,0,3,18799.7,2.0,0
GPU_Cluster_AA,0,48,9,39,21,0.0,51725.5,2,0.0,0,standard,internal_research,api_direct,0,0,0,GPU_T7,GPU_T7,0,no_commitment,0,single_experiment,152.1,0,0,51725.5,2.0,1
GPU_Cluster_AA,0,7,7,29,14,0.0,9112.8,1,0.0,0,standard,internal_research,api_direct,0,0,1,GPU_T1,GPU_T1,0,no_commitment,0,single_experiment,4.0,0,1,9112.8,1.0,0
GPU_Cluster_AA,0,152,9,37,6,78941.3,344555.5,2,0.0,0,priority,internal_research,api_direct,0,0,0,GPU_T4,GPU_T4,0,no_commitment,0,single_experiment,81.82,0,0,423496.8,2.0,0
GPU_Cluster_AA,0,0,1,5,30,19714.5,0.0,2,0.0,0,standard,internal_research,api_direct,1,0,0,GPU_T1,GPU_T1,0,no_commitment,0,single_experiment,57.0,0,0,19714.5,2.0,0
GPU_Cluster_BB,0,1,10,42,10,11208.8,13489.6,2,0.0,0,standard,internal_research,api_direct,0,0,0,GPU_T1,GPU_T4,1,no_commitment,0,single_experiment,150.0,0,0,24698.4,2.0,1
GPU_Cluster_AA,0,0,10,41,4,0.0,14553.4,3,0.0,0,standard,internal_research,api_direct,0,0,0,GPU_T5,GPU_T5,0,no_commitment,0,single_experiment,150.0,1,1,14553.4,3.0,1
GPU_Cluster_BB,0,147,2,8,15,10948.3,46604.6,2,0.0,0,standard,internal_research,api_direct,0,0,0,GPU_T2,GPU_T2,0,no_commitment,0,single_experiment,85.0,0,0,57552.9,2.0,0
GPU_Cluster_AA,1,0,4,18,30,0.0,17388.3,1,0.0,0,standard,internal_research,api_direct,0,0,0,GPU_T4,GPU_T4,0,no_commitment,0,single_experiment,80.0,0,0,17388.3,1.0,0
GPU_Cluster_AA,0,99,10,44,29,32778.3,69440.8,2,0.0,0,standard,internal_research,api_direct,0,0,0,GPU_T1,GPU_T1,0,no_commitment,0,single_experiment,42.6,1,1,102219.1,2.0,0
GPU_Cluster_AA,0,2,3,9,1,0.0,11432.9,1,0.0,0,standard,internal_research,api_direct,1,0,5,GPU_T1,GPU_T4,0,no_commitment,0,single_experiment,34.2,0,2,11432.9,1.0,0
GPU_Cluster_AA,0,10,2,5,3,0.0,11563.7,2,0.0,0,standard,internal_research,api_direct,0,0,0,GPU_T1,GPU_T4,0,no_commitment,0,single_experiment,40.5,0,1,11563.7,2.0,0
GPU_Cluster_BB,0,37,11,46,9,0.0,32939.5,2,0.0,0,standard,internal_research,api_direct,0,0,0,GPU_T1,GPU_T1,0,no_commitment,0,multi_run_experiment,125.57,0,1,32939.5,2.0,0
GPU_Cluster_BB,1,25,7,30,17,13288.1,0.0,2,0.0,0,on_demand,internal_research,api_direct,0,0,0,GPU_T1,GPU_T1,0,no_commitment,0,single_experiment,139.0,0,0,13288.1,2.0,1
GPU_Cluster_AA,0,152,7,27,4,30860.4,104579.5,2,0.0,0,standard,internal_research,api_direct,0,0,0,GPU_T6,GPU_T6,0,no_commitment,0,single_experiment,151.0,0,2,135439.9,2.0,1
GPU_Cluster_BB,1,46,12,52,22,79206.4,118442.2,3,0.0,0,standard,internal_research,api_direct,0,1,0,GPU_T4,GPU_T4,1,no_commitment,0,single_experiment,102.25,0,0,197648.6,3.0,0
GPU_Cluster_AA,0,3,12,51,17,0.0,12448.1,2,0.0,0,standard,internal_research,api_direct,0,0,0,GPU_T1,GPU_T1,0,no_commitment,0,multi_run_experiment,39.0,0,1,12448.1,2.0,0
GPU_Cluster_AA,0,32,4,15,14,14031.5,23436.2,2,0.0,0,unknown,internal_research,api_direct,0,0,0,GPU_T3,GPU_T3,0,no_commitment,0,single_experiment,197.33,0,0,37467.7,2.0,1
GPU_Cluster_BB,0,193,7,31,25,14878.8,59589.5,1,2.0,0,standard,internal_research,api_direct,0,0,0,GPU_T1,GPU_T1,0,no_commitment,0,single_experiment,106.75,0,1,74468.3,3.0,0
GPU_Cluster_BB,0,9,10,44,29,22483.3,23402.4,2,0.0,0,standard,internal_research,api_direct,0,0,0,GPU_T1,GPU_T1,0,no_commitment,0,single_experiment,105.0,0,1,45885.7,2.0,0
GPU_Cluster_AA,1,32,8,35,27,22821.9,31254.0,2,0.0,0,standard,internal_research,api_direct,0,0,0,GPU_T5,GPU_T5,0,no_commitment,0,single_experiment,209.0,0,1,54075.9,2.0,1
GPU_Cluster_AA,0,1,2,9,27,16005.1,0.0,3,2.0,0,standard,internal_research,api_direct,0,0,0,GPU_T8,GPU_T8,1,no_commitment,0,single_experiment,110.0,0,0,16005.1,5.0,0
GPU_Cluster_BB,0,91,3,10,9,13479.8,22395.1,2,0.0,0,standard,internal_research,api_direct,0,0,0,GPU_T1,GPU_T1,0,no_commitment,0,single_experiment,79.2,0,0,35874.9,2.0,0
GPU_Cluster_BB,0,70,7,29,10,52111.3,0.0,2,0.0,0,standard,internal_research,api_direct,0,0,0,GPU_T1,GPU_T1,0,no_commitment,0,single_experiment,103.5,0,3,52111.3,2.0,0
GPU_Cluster_BB,1,92,5,18,2,0.0,13660.2,1,0.0,0,standard,internal_research,api_direct,0,0,0,GPU_T1,GPU_T1,0,no_commitment,0,single_experiment,112.5,0,1,13660.2,1.0,0
GPU_Cluster_AA,0,0,2,7,13,9142.4,25591.6,1,0.0,0,standard,internal_research,api_direct,0,0,2,GPU_T1,GPU_T5,0,no_commitment,0,single_experiment,43.0,0,1,34734.0,1.0,0
GPU_Cluster_BB,1,101,6,23,10,0.0,12952.1,2,0.0,0,standard,internal_research,api_direct,0,0,0,GPU_T1,GPU_T4,0,no_commitment,0,single_experiment,126.0,0,1,12952.1,2.0,0
GPU_Cluster_BB,0,330,6,26,30,0.0,19725.8,2,0.0,0,standard,internal_research,api_direct,0,0,0,GPU_T2,GPU_T1,1,no_commitment,0,multi_run_experiment,108.5,0,0,19725.8,2.0,0
GPU_Cluster_BB,0,162,6,26,28,0.0,72107.3,2,0.0,0,standard,internal_research,api_direct,0,0,0,GPU_T1,GPU_T1,0,no_commitment,0,single_experiment,117.85,0,3,72107.3,2.0,0
GPU_Cluster_BB,0,1,1,3,21,28828.2,87282.2,2,0.0,0,standard,internal_research,broker_platform,0,0,0,GPU_T1,GPU_T1,1,no_commitment,0,team_project,88.0,0,1,116110.4,2.0,0
GPU_Cluster_BB,0,0,12,52,24,0.0,0.0,2,0.0,0,standard,internal_research,api_direct,1,0,0,GPU_T1,GPU_T1,0,no_commitment,0,single_experiment,0.0,0,0,0.0,2.0,0
GPU_Cluster_AA,1,72,8,36,30,29062.1,102909.2,2,0.0,0,priority,internal_research,api_direct,0,0,0,GPU_T5,GPU_T5,0,no_commitment,0,single_experiment,157.67,0,0,131971.3,2.0,1
GPU_Cluster_AA,0,106,4,16,22,32814.7,45237.3,2,0.0,0,standard,internal_research,api_direct,0,0,0,GPU_T6,GPU_T6,0,no_commitment,0,single_experiment,103.57,0,1,78052.0,2.0,0
GPU_Cluster_AA,0,1,6,23,6,0.0,33697.4,2,0.0,0,standard,internal_research,api_direct,0,0,0,GPU_T4,GPU_T4,0,no_commitment,0,single_experiment,123.5,0,0,33697.4,2.0,0
GPU_Cluster_AA,0,112,5,19,6,45556.6,79778.0,2,0.0,0,standard,internal_research,api_direct,0,0,0,GPU_T4,GPU_T4,0,no_commitment,0,single_experiment,57.8,0,0,125334.6,2.0,0
GPU_Cluster_BB,0,159,7,31,28,12823.4,54177.3,2,1.0,0,standard,internal_research,api_direct,0,0,0,GPU_T1,GPU_T1,0,no_commitment,0,single_experiment,115.5,1,1,67000.7,3.0,0
GPU_Cluster_AA,0,2,3,11,17,0.0,32445.7,2,0.0,0,priority,internal_research,api_direct,0,0,0,GPU_T1,GPU_T1,1,no_commitment,0,single_experiment,102.0,0,0,32445.7,2.0,0
GPU_Cluster_BB,0,17,3,11,18,7611.2,10175.5,2,0.0,0,standard,internal_research,api_direct,0,0,0,GPU_T7,GPU_T7,0,no_commitment,0,single_experiment,233.0,0,1,17786.7,2.0,1
GPU_Cluster_AA,0,0,5,20,15,12508.0,0.0,1,0.0,0,standard,internal_research,api_direct,0,0,0,GPU_T1,GPU_T1,0,no_commitment,0,single_experiment,60.0,0,0,12508.0,1.0,0
GPU_Cluster_BB,0,134,4,18,30,7526.7,0.0,2,0.0,0,standard,internal_research,api_direct,0,0,0,GPU_T5,GPU_T5,0,no_commitment,0,single_experiment,144.0,0,0,7526.7,2.0,1
GPU_Cluster_BB,0,239,8,35,27,40496.1,47071.6,2,0.0,0,standard,internal_research,api_direct,0,0,0,GPU_T1,GPU_T1,0,no_commitment,0,single_experiment,96.25,0,0,87567.7,2.0,0
GPU_Cluster_AA,0,34,6,23,2,0.0,49295.5,2,0.0,0,standard,internal_research,api_direct,0,0,0,GPU_T6,GPU_T6,0,no_commitment,0,single_experiment,157.0,0,0,49295.5,2.0,1
GPU_Cluster_AA,0,5,3,12,22,0.0,13627.4,1,0.0,0,standard,internal_research,api_direct,0,0,0,GPU_T1,GPU_T3,0,no_commitment,0,single_experiment,60.0,0,0,13627.4,1.0,0
GPU_Cluster_AA,1,11,3,13,20,25142.1,0.0,1,0.0,0,standard,internal_research,enterprise_portal,0,0,0,GPU_T1,GPU_T1,0,no_commitment,0,single_experiment,40.0,0,0,25142.1,1.0,0
GPU_Cluster_AA,0,3,12,50,7,11535.5,0.0,2,0.0,0,standard,internal_research,api_direct,0,0,0,GPU_T1,GPU_T4,0,no_commitment,0,single_experiment,53.0,0,0,11535.5,2.0,0
GPU_Cluster_AA,0,73,7,29,14,24205.1,84705.5,2,0.0,0,priority,internal_research,api_direct,0,0,0,GPU_T1,GPU_T1,0,no_commitment,0,multi_run_experiment,127.0,0,1,108910.6,2.0,0
GPU_Cluster_AA,0,73,5,21,16,12979.3,73489.7,2,0.0,0,standard,internal_research,api_direct,0,0,0,GPU_T1,GPU_T1,0,no_commitment,0,single_experiment,127.3,0,0,86469.0,2.0,0
GPU_Cluster_AA,1,64,8,33,14,20585.2,63616.2,3,0.0,0,priority,internal_research,api_direct,0,0,0,GPU_T4,GPU_T4,0,no_commitment,0,multi_run_experiment,229.0,0,1,84201.4,3.0,1
GPU_Cluster_BB,1,131,9,37,9,11059.0,42488.2,2,0.0,0,standard,internal_research,api_direct,0,0,0,GPU_T1,GPU_T1,0,no_commitment,0,single_experiment,142.0,0,0,53547.2,2.0,1
GPU_Cluster_AA,0,155,7,28,9,30916.5,61115.8,2,0.0,0,standard,internal_research,api_direct,0,0,0,GPU_T6,GPU_T6,0,no_commitment,0,single_experiment,178.43,0,0,92032.3,2.0,1
GPU_Cluster_BB,0,0,1,4,22,15834.0,0.0,1,0.0,0,standard,internal_research,api_direct,0,0,0,GPU_T1,GPU_T1,1,no_commitment,0,single_experiment,93.0,0,0,15834.0,1.0,0
GPU_Cluster_AA,0,119,6,22,3,40926.3,56378.0,2,2.0,0,standard,internal_research,api_direct,0,0,0,GPU_T7,GPU_T7,1,no_commitment,0,multi_run_experiment,175.0,0,1,97304.3,4.0,1
GPU_Cluster_BB,0,166,10,40,1,20037.6,10810.7,2,0.0,0,standard,internal_research,api_direct,0,0,0,GPU_T4,GPU_T4,0,no_commitment,0,single_experiment,118.8,0,1,30848.3,2.0,0
GPU_Cluster_BB,1,20,7,30,25,0.0,37842.8,2,0.0,0,standard,internal_research,api_direct,0,0,0,GPU_T1,GPU_T1,0,no_commitment,0,single_experiment,140.0,0,0,37842.8,2.0,1
GPU_Cluster_AA,0,0,12,49,1,0.0,11584.7,1,0.0,0,standard,internal_research,api_direct,1,0,0,GPU_T1,GPU_T1,1,no_commitment,0,single_experiment,38.0,0,2,11584.7,1.0,0
GPU_Cluster_AA,0,0,4,16,18,0.0,17109.0,1,0.0,0,standard,internal_research,enterprise_portal,1,0,1,GPU_T1,GPU_T4,0,no_commitment,0,single_experiment,74.0,0,1,17109.0,1.0,0
GPU_Cluster_BB,0,23,8,34,23,0.0,19431.4,3,0.0,0,standard,internal_research,api_direct,0,0,0,GPU_T4,GPU_T4,0,no_commitment,0,single_experiment,189.5,0,1,19431.4,3.0,1
GPU_Cluster_AA,0,38,8,33,13,37056.1,0.0,2,0.0,0,unknown,internal_research,api_direct,0,0,0,GPU_T6,GPU_T7,0,no_commitment,0,single_experiment,367.0,1,0,37056.1,2.0,1
GPU_Cluster_AA,0,3,4,15,9,0.0,18233.8,1,0.0,0,standard,internal_research,api_direct,0,0,0,GPU_T1,GPU_T4,0,no_commitment,0,single_experiment,45.0,0,0,18233.8,1.0,0
GPU_Cluster_BB,0,84,5,21,25,0.0,19967.9,2,1.0,0,standard,internal_research,api_direct,1,0,2,GPU_T1,GPU_T1,0,no_commitment,0,single_experiment,114.0,0,2,19967.9,3.0,0
GPU_Cluster_BB,1,0,10,41,4,10983.2,0.0,1,0.0,0,standard,internal_research,api_direct,1,0,0,GPU_T1,GPU_T1,1,no_commitment,0,single_experiment,145.0,0,0,10983.2,1.0,1
GPU_Cluster_BB,0,134,6,26,30,15274.8,29290.5,2,0.0,0,standard,internal_research,api_direct,0,0,0,GPU_T4,GPU_T4,0,no_commitment,0,single_experiment,127.67,0,2,44565.3,2.0,0
GPU_Cluster_BB,0,0,10,43,24,0.0,9802.8,2,0.0,0,standard,internal_research,api_direct,0,0,0,GPU_T1,GPU_T2,0,no_commitment,0,single_experiment,102.5,0,0,9802.8,2.0,0
GPU_Cluster_AA,0,19,9,39,19,17181.8,19907.1,2,0.0,0,unknown,internal_research,api_direct,0,0,0,GPU_T1,GPU_T1,1,no_commitment,0,single_experiment,169.0,1,0,37088.9,2.0,1
GPU_Cluster_BB,0,89,4,14,8,31058.6,80646.1,2,1.0,0,priority,internal_research,api_direct,0,0,0,GPU_T4,GPU_T4,1,no_commitment,0,single_experiment,180.63,0,0,111704.7,3.0,1
GPU_Cluster_BB,1,163,10,43,20,0.0,44680.6,2,0.0,0,standard,internal_research,api_direct,0,0,0,GPU_T1,GPU_T1,0,locked_allocation,0,single_experiment,100.0,0,0,44680.6,2.0,0
GPU_Cluster_BB,0,9,7,30,25,0.0,32983.0,3,0.0,0,standard,internal_research,api_direct,0,0,0,GPU_T4,GPU_T4,0,no_commitment,0,single_experiment,205.0,0,1,32983.0,3.0,1
GPU_Cluster_BB,0,61,5,23,29,22174.9,0.0,2,0.0,0,standard,internal_research,api_direct,0,0,0,GPU_T4,GPU_T4,0,no_commitment,0,single_experiment,135.0,0,2,22174.9,2.0,0
GPU_Cluster_BB,0,327,5,18,2,0.0,15912.9,1,0.0,0,standard,internal_research,api_direct,0,0,0,GPU_T1,GPU_T1,2,no_commitment,0,team_project,93.5,0,0,15912.9,1.0,0
GPU_Cluster_BB,1,45,2,7,18,21755.7,10175.4,2,2.0,0,standard,internal_research,api_direct,0,0,0,GPU_T5,GPU_T5,0,no_commitment,0,single_experiment,125.4,0,0,31931.1,4.0,0
GPU_Cluster_BB,0,1,1,3,20,0.0,8144.6,2,0.0,0,on_demand,internal_research,broker_platform,0,0,0,GPU_T1,GPU_T10,0,no_commitment,0,team_project,0.0,0,1,8144.6,2.0,0
GPU_Cluster_AA,1,54,8,32,8,45291.1,50392.3,2,0.0,0,priority,internal_research,api_direct,0,0,0,GPU_T6,GPU_T6,0,no_commitment,0,single_experiment,228.0,0,0,95683.4,2.0,1
GPU_Cluster_AA,1,19,2,7,13,9434.8,0.0,2,0.0,0,standard,internal_research,api_direct,0,0,0,GPU_T4,GPU_T4,0,no_commitment,0,single_experiment,78.0,0,3,9434.8,2.0,0
GPU_Cluster_BB,0,90,5,21,21,31298.9,13142.6,2,0.0,0,standard,internal_research,api_direct,0,0,0,GPU_T1,GPU_T1,0,no_commitment,0,single_experiment,117.0,0,0,44441.5,2.0,0
GPU_Cluster_AA,0,12,8,32,2,0.0,14185.8,2,0.0,0,standard,internal_research,api_direct,0,0,0,GPU_T1,GPU_T1,0,no_commitment,0,single_experiment,209.0,0,0,14185.8,2.0,1
GPU_Cluster_AA,0,1,5,19,3,0.0,48615.1,1,0.0,0,standard,internal_research,api_direct,0,0,0,GPU_T6,GPU_T6,1,no_commitment,0,single_experiment,115.0,0,1,48615.1,1.0,0
GPU_Cluster_AA,0,297,9,36,3,11737.6,60846.6,2,0.0,0,standard,internal_research,broker_platform,0,0,0,GPU_T1,GPU_T1,0,no_commitment,0,multi_run_experiment,123.0,0,2,72584.2,2.0,0
GPU_Cluster_BB,0,72,4,15,3,28031.8,25592.3,2,0.0,0,standard,internal_research,api_direct,0,0,0,GPU_T1,GPU_T1,0,no_commitment,0,single_experiment,74.38,0,0,53624.1,2.0,0
GPU_Cluster_AA,1,63,12,49,2,0.0,29905.3,2,0.0,0,priority,internal_research,api_direct,0,0,0,GPU_T1,GPU_T3,4,no_commitment,0,single_experiment,116.6,0,3,29905.3,2.0,0
GPU_Cluster_AA,0,0,1,3,17,0.0,12521.4,1,0.0,0,standard,internal_research,api_direct,1,0,1,GPU_T4,GPU_T4,1,no_commitment,0,single_experiment,45.0,1,0,12521.4,1.0,0
GPU_Cluster_AA,0,28,4,16,13,0.0,32628.3,2,0.0,0,standard,internal_research,api_direct,0,0,0,GPU_T1,GPU_T1,0,no_commitment,0,single_experiment,60.0,0,0,32628.3,2.0,0
GPU_Cluster_AA,0,11,5,21,16,12307.4,16799.8,1,0.0,0,standard,internal_research,api_direct,0,0,0,GPU_T1,GPU_T1,2,no_commitment,0,single_experiment,42.0,0,0,29107.2,1.0,0
GPU_Cluster_AA,0,82,8,34,20,11682.8,74561.2,2,0.0,0,priority,internal_research,api_direct,0,0,0,GPU_T5,GPU_T5,0,no_commitment,0,single_experiment,234.6,1,0,86244.0,2.0,1
GPU_Cluster_AA,0,20,2,6,5,42726.8,32414.2,2,0.0,0,standard,internal_research,api_direct,0,0,0,GPU_T1,GPU_T1,0,no_commitment,0,single_experiment,35.0,0,1,75141.0,2.0,0
GPU_Cluster_BB,0,90,7,28,9,27504.0,0.0,1,0.0,0,standard,internal_research,api_direct,0,0,0,GPU_T1,GPU_T4,1,no_commitment,0,single_experiment,108.0,0,0,27504.0,1.0,0
GPU_Cluster_AA,1,4,2,7,7,32973.1,8731.3,1,0.0,0,standard,internal_research,api_direct,0,0,0,GPU_T1,GPU_T1,0,no_commitment,0,single_experiment,39.0,0,0,41704.4,1.0,0
GPU_Cluster_BB,0,8,2,8,24,0.0,10913.1,2,0.0,0,standard,internal_research,api_direct,0,0,0,GPU_T1,GPU_T1,0,no_commitment,0,single_experiment,98.0,0,1,10913.1,2.0,0
GPU_Cluster_AA,0,13,3,13,21,13155.4,35366.6,2,0.0,0,standard,internal_research,api_direct,0,0,0,GPU_T1,GPU_T1,0,no_commitment,0,multi_run_experiment,45.0,0,0,48522.0,2.0,0
GPU_Cluster_BB,0,1,4,14,5,0.0,48544.6,2,0.0,0,standard,internal_research,api_direct,0,0,0,GPU_T4,GPU_T4,0,no_commitment,0,single_experiment,157.5,0,2,48544.6,2.0,1
GPU_Cluster_AA,0,58,9,39,18,20011.3,12942.2,2,0.0,1,priority,internal_research,api_direct,0,0,0,GPU_T1,GPU_T1,4,no_commitment,0,single_experiment,102.0,0,3,32953.5,3.0,0
GPU_Cluster_AA,0,115,3,10,9,0.0,90256.9,2,0.0,0,standard,internal_research,api_direct,0,0,0,GPU_T1,GPU_T1,0,no_commitment,0,single_experiment,65.0,0,1,90256.9,2.0,0
GPU_Cluster_BB,0,28,10,44,26,23366.6,91921.6,2,0.0,0,standard,internal_research,api_direct,0,0,0,GPU_T2,GPU_T2,0,no_commitment,0,single_experiment,99.45,0,0,115288.2,2.0,0
GPU_Cluster_BB,0,1,3,14,27,9823.9,0.0,2,0.0,0,standard,internal_research,api_direct,0,0,0,GPU_T1,GPU_T1,0,no_commitment,0,single_experiment,99.0,0,1,9823.9,2.0,0
GPU_Cluster_AA,0,0,4,17,24,16006.2,23987.5,2,0.0,0,standard,internal_research,api_direct,0,0,0,GPU_T7,GPU_T7,1,no_commitment,0,single_experiment,188.0,1,0,39993.7,2.0,1
GPU_Cluster_BB,0,26,12,51,13,29743.2,16224.1,2,0.0,0,standard,internal_research,api_direct,0,0,0,GPU_T1,GPU_T1,0,no_commitment,0,single_experiment,75.0,0,0,45967.3,2.0,0
GPU_Cluster_BB,1,67,7,30,24,16055.8,56851.0,2,0.0,0,standard,internal_research,api_direct,0,0,0,GPU_T1,GPU_T1,0,no_commitment,0,single_experiment,157.0,0,1,72906.8,2.0,1
GPU_Cluster_BB,0,86,1,4,23,0.0,4680.6,2,0.0,0,standard,internal_research,api_direct,0,0,0,GPU_T1,GPU_T1,0,no_commitment,0,single_experiment,81.2,0,0,4680.6,2.0,0
GPU_Cluster_BB,0,19,4,16,19,15260.6,68318.5,2,0.0,0,priority,internal_research,api_direct,0,0,0,GPU_T4,GPU_T4,1,no_commitment,0,single_experiment,176.0,0,0,83579.1,2.0,1
GPU_Cluster_BB,0,60,5,21,23,0.0,34052.8,2,0.0,0,priority,internal_research,api_direct,0,0,0,GPU_T1,GPU_T1,1,no_commitment,0,single_experiment,189.0,1,0,34052.8,2.0,1
GPU_Cluster_AA,0,0,2,8,16,0.0,9651.9,1,0.0,0,standard,internal_research,api_direct,0,0,0,GPU_T1,GPU_T4,0,no_commitment,0,single_experiment,40.0,0,0,9651.9,1.0,0
GPU_Cluster_AA,0,9,6,24,5,29738.5,26443.9,2,0.0,0,priority,internal_research,api_direct,0,0,0,GPU_T1,GPU_T3,0,no_commitment,0,single_experiment,142.0,1,0,56182.4,2.0,1
GPU_Cluster_AA,0,22,2,8,20,23696.1,40388.0,1,0.0,0,standard,internal_research,api_direct,0,0,0,GPU_T1,GPU_T1,0,no_commitment,0,single_experiment,43.43,0,0,64084.1,1.0,0
GPU_Cluster_AA,0,143,12,53,30,19209.0,16589.3,2,0.0,0,standard,internal_research,api_direct,1,0,1,GPU_T1,GPU_T1,0,no_commitment,0,team_project,150.0,0,1,35798.3,2.0,1
GPU_Cluster_BB,0,0,8,35,27,14016.4,0.0,1,0.0,0,standard,internal_research,api_direct,0,0,0,GPU_T1,GPU_T1,0,no_commitment,0,single_experiment,95.0,0,0,14016.4,1.0,0
GPU_Cluster_AA,1,121,5,18,4,22482.1,59248.2,2,0.0,0,priority,internal_research,api_direct,0,0,0,GPU_T4,GPU_T4,2,no_commitment,0,single_experiment,120.0,0,1,81730.3,2.0,0
GPU_Cluster_AA,0,26,11,45,7,18356.7,50167.3,2,0.0,0,standard,internal_research,api_direct,0,0,0,GPU_T4,GPU_T4,2,no_commitment,0,single_experiment,56.0,0,1,68524.0,2.0,0
GPU_Cluster_AA,0,1,7,31,31,13108.7,0.0,2,0.0,0,standard,internal_research,api_direct,0,0,0,GPU_T1,GPU_T1,0,no_commitment,0,single_experiment,155.0,0,0,13108.7,2.0,1
GPU_Cluster_AA,0,25,6,24,15,0.0,45047.6,2,0.0,0,standard,internal_research,api_direct,0,0,0,GPU_T6,GPU_T7,0,no_commitment,0,single_experiment,205.67,1,0,45047.6,2.0,1
GPU_Cluster_AA,0,213,9,38,16,0.0,20562.4,2,0.0,1,standard,internal_research,api_direct,0,0,0,GPU_T6,GPU_T6,1,no_commitment,0,single_experiment,132.9,1,1,20562.4,3.0,0
GPU_Cluster_BB,0,0,11,45,1,17233.0,0.0,2,0.0,0,standard,internal_research,api_direct,0,0,0,GPU_T4,GPU_T4,0,no_commitment,0,single_experiment,95.0,0,1,17233.0,2.0,0
GPU_Cluster_BB,0,172,7,31,30,30518.1,39378.1,2,0.0,0,standard,internal_research,api_direct,0,0,0,GPU_T1,GPU_T1,0,no_commitment,0,single_experiment,112.5,0,2,69896.2,2.0,0
GPU_Cluster_BB,0,13,6,26,25,22952.3,0.0,2,0.0,0,standard,internal_research,api_direct,0,0,0,GPU_T4,GPU_T4,0,no_commitment,0,single_experiment,185.0,0,1,22952.3,2.0,1
GPU_Cluster_BB,0,87,2,8,15,12171.2,9802.5,1,0.0,0,standard,internal_research,api_direct,0,0,0,GPU_T1,GPU_T1,2,no_commitment,0,single_experiment,62.1,0,0,21973.7,1.0,0
GPU_Cluster_AA,0,142,8,32,12,47714.4,112349.0,2,0.0,0,priority,internal_research,api_direct,1,1,13,GPU_T5,GPU_T5,0,no_commitment,0,single_experiment,184.0,1,4,160063.4,2.0,1
GPU_Cluster_BB,0,0,7,32,31,14481.2,0.0,2,0.0,0,standard,internal_research,api_direct,0,0,0,GPU_T4,GPU_T4,0,no_commitment,0,single_experiment,132.0,0,0,14481.2,2.0,0
GPU_Cluster_BB,1,0,10,43,21,0.0,28307.4,2,0.0,0,standard,internal_research,api_direct,0,0,0,GPU_T4,GPU_T4,0,no_commitment,0,single_experiment,145.0,0,0,28307.4,2.0,1
GPU_Cluster_BB,0,48,4,16,11,19438.1,52764.8,2,0.0,0,standard,internal_research,api_direct,0,0,0,GPU_T4,GPU_T4,0,no_commitment,0,single_experiment,107.1,0,0,72202.9,2.0,0
GPU_Cluster_BB,0,33,7,27,8,9941.2,15393.5,2,0.0,0,standard,internal_research,api_direct,0,0,0,GPU_T1,GPU_T1,0,no_commitment,0,single_experiment,86.63,0,0,25334.7,2.0,0
GPU_Cluster_BB,0,2,8,36,31,0.0,31304.8,3,0.0,0,standard,internal_research,api_direct,0,0,0,GPU_T4,GPU_T4,1,no_commitment,0,single_experiment,150.0,0,3,31304.8,3.0,1
GPU_Cluster_AA,0,1,6,25,18,0.0,7310.3,2,2.0,0,standard,internal_research,api_direct,0,0,0,GPU_T8,GPU_T8,0,no_commitment,0,single_experiment,186.0,0,0,7310.3,4.0,1
GPU_Cluster_BB,1,19,2,7,15,29528.3,165580.6,1,0.0,0,standard,internal_research,api_direct,0,0,0,GPU_T4,GPU_T4,0,no_commitment,0,multi_run_experiment,96.5,0,0,195108.9,1.0,0
GPU_Cluster_BB,0,5,2,7,13,7756.4,37473.5,1,0.0,0,standard,internal_research,api_direct,0,0,0,GPU_T1,GPU_T1,0,no_commitment,0,single_experiment,93.0,0,0,45229.9,1.0,0
GPU_Cluster_AA,1,100,2,6,3,0.0,62258.2,2,0.0,0,standard,internal_research,api_direct,0,0,0,GPU_T6,GPU_T6,0,no_commitment,0,single_experiment,56.1,0,0,62258.2,2.0,0
GPU_Cluster_AA,0,65,9,38,19,26815.4,55494.5,2,0.0,0,standard,internal_research,api_direct,0,0,0,GPU_T1,GPU_T1,0,no_commitment,0,single_experiment,90.43,1,0,82309.9,2.0,0
GPU_Cluster_BB,0,82,6,27,26,5803.6,30029.8,2,0.0,0,standard,internal_research,api_direct,0,0,0,GPU_T1,GPU_T1,0,no_commitment,0,single_experiment,97.5,0,0,35833.4,2.0,0
GPU_Cluster_BB,0,161,8,32,3,17752.7,61240.9,2,0.0,0,priority,internal_research,api_direct,0,0,0,GPU_T1,GPU_T1,1,no_commitment,0,multi_run_experiment,125.25,0,0,78993.6,2.0,0
GPU_Cluster_BB,0,47,11,46,10,0.0,62641.8,2,0.0,0,standard,internal_research,api_direct,0,0,0,GPU_T1,GPU_T1,0,no_commitment,0,single_experiment,130.33,0,1,62641.8,2.0,0
GPU_Cluster_AA,0,0,8,35,24,16174.0,16935.1,2,0.0,0,standard,internal_research,api_direct,0,0,0,GPU_T1,GPU_T1,0,no_commitment,0,single_experiment,106.0,0,0,33109.1,2.0,0
GPU_Cluster_BB,0,136,6,24,9,0.0,48742.7,2,0.0,0,standard,internal_research,api_direct,0,0,0,GPU_T1,GPU_T1,1,no_commitment,0,single_experiment,103.68,0,2,48742.7,2.0,0
GPU_Cluster_AA,0,0,2,9,25,0.0,15670.0,2,0.0,0,standard,internal_research,api_direct,0,0,0,GPU_T1,GPU_T4,0,no_commitment,0,single_experiment,45.0,0,0,15670.0,2.0,0
GPU_Cluster_BB,0,46,4,17,24,15063.6,34041.1,2,0.0,0,standard,internal_research,api_direct,0,0,0,GPU_T1,GPU_T1,1,no_commitment,0,single_experiment,108.0,0,0,49104.7,2.0,0
GPU_Cluster_BB,1,107,9,36,1,0.0,23739.4,2,0.0,0,standard,internal_research,api_direct,0,0,0,GPU_T1,GPU_T1,0,no_commitment,0,single_experiment,118.8,0,0,23739.4,2.0,0
GPU_Cluster_BB,0,0,10,42,15,0.0,0.0,2,0.0,0,standard,internal_research,api_direct,1,0,0,GPU_T4,GPU_T4,1,no_commitment,0,single_experiment,0.0,0,0,0.0,2.0,0
GPU_Cluster_AA,0,199,12,52,19,29821.9,58524.1,1,0.0,0,standard,internal_research,api_direct,0,0,0,GPU_T1,GPU_T1,0,no_commitment,0,single_experiment,29.97,0,3,88346.0,1.0,0
GPU_Cluster_AA,1,193,6,23,10,22015.7,67936.4,2,0.0,0,standard,internal_research,api_direct,0,0,0,GPU_T4,GPU_T4,0,no_commitment,0,single_experiment,112.5,0,0,89952.1,2.0,0
GPU_Cluster_AA,0,15,1,1,6,0.0,20428.9,2,0.0,0,priority,internal_research,api_direct,0,0,0,GPU_T1,GPU_T1,1,no_commitment,0,multi_run_experiment,70.8,0,1,20428.9,2.0,0
GPU_Cluster_BB,0,168,6,23,7,0.0,10193.3,2,1.0,0,standard,internal_research,api_direct,0,0,0,GPU_T1,GPU_T1,0,no_commitment,0,single_experiment,146.5,1,0,10193.3,3.0,1
GPU_Cluster_AA,0,0,12,50,6,18347.7,14932.4,2,0.0,0,standard,internal_research,api_direct,0,0,0,GPU_T5,GPU_T5,1,no_commitment,0,single_experiment,68.0,0,0,33280.1,2.0,0
GPU_Cluster_BB,0,0,9,37,9,0.0,11224.2,2,0.0,0,on_demand,internal_research,api_direct,0,0,0,GPU_T1,GPU_T4,0,no_commitment,0,single_experiment,115.0,0,0,11224.2,2.0,0
GPU_Cluster_BB,0,17,12,49,4,33133.1,37167.2,3,0.0,0,standard,internal_research,api_direct,0,0,0,GPU_T1,GPU_T4,0,no_commitment,0,single_experiment,122.5,0,2,70300.3,3.0,0
GPU_Cluster_AA,0,21,1,3,16,41343.9,14125.6,2,0.0,0,standard,internal_research,api_direct,0,0,0,GPU_T5,GPU_T5,0,no_commitment,0,single_experiment,58.0,0,0,55469.5,2.0,0
GPU_Cluster_AA,0,0,1,4,22,12030.8,0.0,2,1.0,1,standard,internal_research,api_direct,1,0,0,GPU_T3,GPU_T3,0,no_commitment,0,single_experiment,49.1,0,0,12030.8,4.0,0
GPU_Cluster_BB,1,99,10,42,12,0.0,35717.6,2,0.0,0,standard,internal_research,api_direct,0,0,0,GPU_T6,GPU_T6,0,no_commitment,0,single_experiment,187.2,0,0,35717.6,2.0,1
GPU_Cluster_BB,0,0,10,42,14,0.0,14344.1,0,0.0,0,standard,internal_research,enterprise_portal,1,0,0,GPU_T1,GPU_T2,1,no_commitment,0,single_experiment,0.0,0,0,14344.1,0.0,0
GPU_Cluster_AA,1,3,1,4,28,0.0,12026.8,2,1.0,0,standard,internal_research,api_direct,0,0,0,GPU_T4,GPU_T5,0,no_commitment,0,single_experiment,70.0,0,0,12026.8,3.0,0
GPU_Cluster_BB,1,1,4,17,27,0.0,7213.2,2,0.0,0,standard,internal_research,api_direct,0,0,0,GPU_T4,GPU_T4,0,no_commitment,0,single_experiment,166.5,0,2,7213.2,2.0,1
GPU_Cluster_BB,0,22,5,22,30,0.0,8393.8,1,0.0,0,standard,internal_research,api_direct,0,0,0,GPU_T1,GPU_T1,0,no_commitment,0,single_experiment,126.0,0,0,8393.8,1.0,0
